train_ml_data_dir,val_ml_data_dir,model_outdir,batch_size,learning_rate,epochs,run_id,val_loss
/tmp/weaverr/Data/HiDRA/Data/gCSI-gCSI/split_0,/tmp/weaverr/Data/HiDRA/Data/gCSI-gCSI/split_0,./out_model,1024,0.00980319116123387,100,run_01_001_0058,0.2523263394832611
/tmp/weaverr/Data/HiDRA/Data/gCSI-gCSI/split_0,/tmp/weaverr/Data/HiDRA/Data/gCSI-gCSI/split_0,./out_model,128,0.0062405417329460845,100,run_01_001_0042,0.008817838504910469
/tmp/weaverr/Data/HiDRA/Data/gCSI-gCSI/split_0,/tmp/weaverr/Data/HiDRA/Data/gCSI-gCSI/split_0,./out_model,64,0.003574010800617273,100,run_01_001_0003,0.008245785720646381
/tmp/weaverr/Data/HiDRA/Data/gCSI-gCSI/split_0,/tmp/weaverr/Data/HiDRA/Data/gCSI-gCSI/split_0,./out_model,1024,3.0106272420216542e-05,100,run_01_001_0053,0.4055800437927246
/tmp/weaverr/Data/HiDRA/Data/gCSI-gCSI/split_0,/tmp/weaverr/Data/HiDRA/Data/gCSI-gCSI/split_0,./out_model,256,0.0036208211505194365,100,run_01_001_0006,0.008897349238395691
/tmp/weaverr/Data/HiDRA/Data/gCSI-gCSI/split_0,/tmp/weaverr/Data/HiDRA/Data/gCSI-gCSI/split_0,./out_model,512,0.005105702276378816,100,run_01_001_0026,0.009520359337329865
/tmp/weaverr/Data/HiDRA/Data/gCSI-gCSI/split_0,/tmp/weaverr/Data/HiDRA/Data/gCSI-gCSI/split_0,./out_model,256,0.005788947224108379,100,run_01_001_0051,0.008395117707550526
/tmp/weaverr/Data/HiDRA/Data/gCSI-gCSI/split_0,/tmp/weaverr/Data/HiDRA/Data/gCSI-gCSI/split_0,./out_model,256,0.0007836127825250681,100,run_01_001_0062,0.010983061976730824
/tmp/weaverr/Data/HiDRA/Data/gCSI-gCSI/split_0,/tmp/weaverr/Data/HiDRA/Data/gCSI-gCSI/split_0,./out_model,32,0.0017881977547752393,100,run_01_001_0004,0.009162153117358685
/tmp/weaverr/Data/HiDRA/Data/gCSI-gCSI/split_0,/tmp/weaverr/Data/HiDRA/Data/gCSI-gCSI/split_0,./out_model,64,0.005461457811657903,100,run_01_001_0046,0.00819514412432909
/tmp/weaverr/Data/HiDRA/Data/gCSI-gCSI/split_0,/tmp/weaverr/Data/HiDRA/Data/gCSI-gCSI/split_0,./out_model,1024,0.006622120884144267,100,run_01_001_0059,0.23080232739448547
/tmp/weaverr/Data/HiDRA/Data/gCSI-gCSI/split_0,/tmp/weaverr/Data/HiDRA/Data/gCSI-gCSI/split_0,./out_model,64,0.009899263055438296,100,run_01_001_0072,0.008280448615550995
/tmp/weaverr/Data/HiDRA/Data/gCSI-gCSI/split_0,/tmp/weaverr/Data/HiDRA/Data/gCSI-gCSI/split_0,./out_model,1024,0.00508554941695773,100,run_01_001_0057,0.012906585820019245
/tmp/weaverr/Data/HiDRA/Data/gCSI-gCSI/split_0,/tmp/weaverr/Data/HiDRA/Data/gCSI-gCSI/split_0,./out_model,16,0.000669577448182615,100,run_01_001_0054,0.010442890226840973
/tmp/weaverr/Data/HiDRA/Data/gCSI-gCSI/split_0,/tmp/weaverr/Data/HiDRA/Data/gCSI-gCSI/split_0,./out_model,512,0.0014391921343494436,100,run_01_001_0010,0.010186973959207535
/tmp/weaverr/Data/HiDRA/Data/gCSI-gCSI/split_0,/tmp/weaverr/Data/HiDRA/Data/gCSI-gCSI/split_0,./out_model,1024,0.000605397958372362,100,run_01_001_0014,0.016050424426794052
/tmp/weaverr/Data/HiDRA/Data/gCSI-gCSI/split_0,/tmp/weaverr/Data/HiDRA/Data/gCSI-gCSI/split_0,./out_model,512,0.008390194300503476,100,run_01_001_0025,0.00943478848785162
/tmp/weaverr/Data/HiDRA/Data/gCSI-gCSI/split_0,/tmp/weaverr/Data/HiDRA/Data/gCSI-gCSI/split_0,./out_model,32,0.004677197797527773,100,run_01_001_0065,0.008367329835891724
/tmp/weaverr/Data/HiDRA/Data/gCSI-gCSI/split_0,/tmp/weaverr/Data/HiDRA/Data/gCSI-gCSI/split_0,./out_model,128,0.007022727728559114,100,run_01_001_0066,0.008732400834560394
/tmp/weaverr/Data/HiDRA/Data/gCSI-gCSI/split_0,/tmp/weaverr/Data/HiDRA/Data/gCSI-gCSI/split_0,./out_model,1024,0.00033859768423230265,100,run_01_001_0022,0.023296210914850235
/tmp/weaverr/Data/HiDRA/Data/gCSI-gCSI/split_0,/tmp/weaverr/Data/HiDRA/Data/gCSI-gCSI/split_0,./out_model,16,0.008481618068651504,100,run_01_001_0023,0.008585989475250244
/tmp/weaverr/Data/HiDRA/Data/gCSI-gCSI/split_0,/tmp/weaverr/Data/HiDRA/Data/gCSI-gCSI/split_0,./out_model,256,0.0046555455000023395,100,run_01_001_0016,0.009456546045839787
/tmp/weaverr/Data/HiDRA/Data/gCSI-gCSI/split_0,/tmp/weaverr/Data/HiDRA/Data/gCSI-gCSI/split_0,./out_model,128,0.009171280938266592,100,run_01_001_0041,0.00839978363364935
/tmp/weaverr/Data/HiDRA/Data/gCSI-gCSI/split_0,/tmp/weaverr/Data/HiDRA/Data/gCSI-gCSI/split_0,./out_model,64,0.00031078618548419865,100,run_01_001_0024,0.00957858469337225
/tmp/weaverr/Data/HiDRA/Data/gCSI-gCSI/split_0,/tmp/weaverr/Data/HiDRA/Data/gCSI-gCSI/split_0,./out_model,64,0.0061622028675155215,100,run_01_001_0068,0.00735103152692318
/tmp/weaverr/Data/HiDRA/Data/gCSI-gCSI/split_0,/tmp/weaverr/Data/HiDRA/Data/gCSI-gCSI/split_0,./out_model,512,0.002417012966148844,100,run_01_001_0067,0.01373706478625536
/tmp/weaverr/Data/HiDRA/Data/gCSI-gCSI/split_0,/tmp/weaverr/Data/HiDRA/Data/gCSI-gCSI/split_0,./out_model,256,0.005039965165570019,100,run_01_001_0049,0.008162337355315685
/tmp/weaverr/Data/HiDRA/Data/gCSI-gCSI/split_0,/tmp/weaverr/Data/HiDRA/Data/gCSI-gCSI/split_0,./out_model,32,0.0004061054572571306,100,run_01_001_0040,0.009237916208803654
/tmp/weaverr/Data/HiDRA/Data/gCSI-gCSI/split_0,/tmp/weaverr/Data/HiDRA/Data/gCSI-gCSI/split_0,./out_model,512,0.008942449219411243,100,run_01_001_0073,0.012393985874950886
/tmp/weaverr/Data/HiDRA/Data/gCSI-gCSI/split_0,/tmp/weaverr/Data/HiDRA/Data/gCSI-gCSI/split_0,./out_model,512,0.006885360939396684,100,run_01_001_0007,0.009234401397407055
/tmp/weaverr/Data/HiDRA/Data/gCSI-gCSI/split_0,/tmp/weaverr/Data/HiDRA/Data/gCSI-gCSI/split_0,./out_model,1024,0.0007062374407270472,100,run_01_001_0008,0.019750578328967094
/tmp/weaverr/Data/HiDRA/Data/gCSI-gCSI/split_0,/tmp/weaverr/Data/HiDRA/Data/gCSI-gCSI/split_0,./out_model,32,0.007449405491582693,100,run_01_001_0076,0.008670751936733723
/tmp/weaverr/Data/HiDRA/Data/gCSI-gCSI/split_0,/tmp/weaverr/Data/HiDRA/Data/gCSI-gCSI/split_0,./out_model,64,0.005886457062029535,100,run_01_001_0048,0.008175195194780827
/tmp/weaverr/Data/HiDRA/Data/gCSI-gCSI/split_0,/tmp/weaverr/Data/HiDRA/Data/gCSI-gCSI/split_0,./out_model,256,0.008916024342029835,100,run_01_001_0069,0.009009077213704586
/tmp/weaverr/Data/HiDRA/Data/gCSI-gCSI/split_0,/tmp/weaverr/Data/HiDRA/Data/gCSI-gCSI/split_0,./out_model,1024,0.001259565260068971,100,run_01_001_0056,0.019795315340161324
/tmp/weaverr/Data/HiDRA/Data/gCSI-gCSI/split_0,/tmp/weaverr/Data/HiDRA/Data/gCSI-gCSI/split_0,./out_model,64,0.008986611134071612,100,run_01_001_0052,0.007681697141379118
/tmp/weaverr/Data/HiDRA/Data/gCSI-gCSI/split_0,/tmp/weaverr/Data/HiDRA/Data/gCSI-gCSI/split_0,./out_model,64,0.003985232245780509,100,run_01_001_0078,0.008830015547573566
/tmp/weaverr/Data/HiDRA/Data/gCSI-gCSI/split_0,/tmp/weaverr/Data/HiDRA/Data/gCSI-gCSI/split_0,./out_model,512,0.0037273042415429496,100,run_01_001_0030,0.014886954799294472
/tmp/weaverr/Data/HiDRA/Data/gCSI-gCSI/split_0,/tmp/weaverr/Data/HiDRA/Data/gCSI-gCSI/split_0,./out_model,128,0.0017434060389247947,100,run_01_001_0047,0.009313211776316166
/tmp/weaverr/Data/HiDRA/Data/gCSI-gCSI/split_0,/tmp/weaverr/Data/HiDRA/Data/gCSI-gCSI/split_0,./out_model,128,0.006135551082407831,100,run_01_001_0029,0.009729250334203243
/tmp/weaverr/Data/HiDRA/Data/gCSI-gCSI/split_0,/tmp/weaverr/Data/HiDRA/Data/gCSI-gCSI/split_0,./out_model,512,0.003141372801054631,100,run_01_001_0009,0.009821735322475433
/tmp/weaverr/Data/HiDRA/Data/gCSI-gCSI/split_0,/tmp/weaverr/Data/HiDRA/Data/gCSI-gCSI/split_0,./out_model,512,0.00882623845421952,100,run_01_001_0070,0.018514472991228104
/tmp/weaverr/Data/HiDRA/Data/gCSI-gCSI/split_0,/tmp/weaverr/Data/HiDRA/Data/gCSI-gCSI/split_0,./out_model,128,0.0003829452429500975,100,run_01_001_0020,0.012108693830668926
/tmp/weaverr/Data/HiDRA/Data/gCSI-gCSI/split_0,/tmp/weaverr/Data/HiDRA/Data/gCSI-gCSI/split_0,./out_model,256,0.008955378071051396,100,run_01_001_0043,0.008235350251197815
/tmp/weaverr/Data/HiDRA/Data/gCSI-gCSI/split_0,/tmp/weaverr/Data/HiDRA/Data/gCSI-gCSI/split_0,./out_model,512,0.002415713163185308,100,run_01_001_0035,0.013503427617251873
/tmp/weaverr/Data/HiDRA/Data/gCSI-gCSI/split_0,/tmp/weaverr/Data/HiDRA/Data/gCSI-gCSI/split_0,./out_model,256,0.00775933960640392,100,run_01_001_0012,0.009717654436826706
/tmp/weaverr/Data/HiDRA/Data/gCSI-gCSI/split_0,/tmp/weaverr/Data/HiDRA/Data/gCSI-gCSI/split_0,./out_model,256,0.0009179351619377651,100,run_01_001_0079,0.010541287250816822
/tmp/weaverr/Data/HiDRA/Data/gCSI-gCSI/split_0,/tmp/weaverr/Data/HiDRA/Data/gCSI-gCSI/split_0,./out_model,16,0.0007620443773807657,100,run_01_001_0044,0.01050580944865942
/tmp/weaverr/Data/HiDRA/Data/gCSI-gCSI/split_0,/tmp/weaverr/Data/HiDRA/Data/gCSI-gCSI/split_0,./out_model,512,0.009601476655237378,100,run_01_001_0013,0.017393825575709343
/tmp/weaverr/Data/HiDRA/Data/gCSI-gCSI/split_0,/tmp/weaverr/Data/HiDRA/Data/gCSI-gCSI/split_0,./out_model,64,0.002971876794225801,100,run_01_001_0063,0.009583448059856892
/tmp/weaverr/Data/HiDRA/Data/gCSI-gCSI/split_0,/tmp/weaverr/Data/HiDRA/Data/gCSI-gCSI/split_0,./out_model,32,0.0005208807871386382,100,run_01_001_0037,0.009778412990272045
/tmp/weaverr/Data/HiDRA/Data/gCSI-gCSI/split_0,/tmp/weaverr/Data/HiDRA/Data/gCSI-gCSI/split_0,./out_model,1024,0.007002683938926724,100,run_01_001_0017,0.01221481617540121
/tmp/weaverr/Data/HiDRA/Data/gCSI-gCSI/split_0,/tmp/weaverr/Data/HiDRA/Data/gCSI-gCSI/split_0,./out_model,1024,0.008011803985878646,100,run_01_001_0031,0.026300515979528427
/tmp/weaverr/Data/HiDRA/Data/gCSI-gCSI/split_0,/tmp/weaverr/Data/HiDRA/Data/gCSI-gCSI/split_0,./out_model,64,0.006565005400448345,100,run_01_001_0064,0.008554980158805847
/tmp/weaverr/Data/HiDRA/Data/gCSI-gCSI/split_0,/tmp/weaverr/Data/HiDRA/Data/gCSI-gCSI/split_0,./out_model,512,0.007579332604997143,100,run_01_001_0061,0.00929250381886959
/tmp/weaverr/Data/HiDRA/Data/gCSI-gCSI/split_0,/tmp/weaverr/Data/HiDRA/Data/gCSI-gCSI/split_0,./out_model,512,0.006935359454562106,100,run_01_001_0055,0.015175976790487766
/tmp/weaverr/Data/HiDRA/Data/gCSI-gCSI/split_0,/tmp/weaverr/Data/HiDRA/Data/gCSI-gCSI/split_0,./out_model,64,0.005969180945962655,100,run_01_001_0036,0.008362731896340847
/tmp/weaverr/Data/HiDRA/Data/gCSI-gCSI/split_0,/tmp/weaverr/Data/HiDRA/Data/gCSI-gCSI/split_0,./out_model,1024,0.005581141383109493,100,run_01_001_0045,0.014686474576592445
/tmp/weaverr/Data/HiDRA/Data/gCSI-gCSI/split_0,/tmp/weaverr/Data/HiDRA/Data/gCSI-gCSI/split_0,./out_model,128,0.009091992057138194,100,run_01_001_0039,0.009074597619473934
/tmp/weaverr/Data/HiDRA/Data/gCSI-gCSI/split_0,/tmp/weaverr/Data/HiDRA/Data/gCSI-gCSI/split_0,./out_model,16,0.0004951139090060442,100,run_01_001_0050,0.009486844763159752
/tmp/weaverr/Data/HiDRA/Data/gCSI-gCSI/split_0,/tmp/weaverr/Data/HiDRA/Data/gCSI-gCSI/split_0,./out_model,512,0.004859291664737218,100,run_01_001_0002,0.01420020591467619
/tmp/weaverr/Data/HiDRA/Data/gCSI-gCSI/split_0,/tmp/weaverr/Data/HiDRA/Data/gCSI-gCSI/split_0,./out_model,256,0.009512584910657597,100,run_01_001_0021,0.009579899720847607
/tmp/weaverr/Data/HiDRA/Data/gCSI-gCSI/split_0,/tmp/weaverr/Data/HiDRA/Data/gCSI-gCSI/split_0,./out_model,64,0.002213967118009285,100,run_01_001_0011,0.009947230108082294
/tmp/weaverr/Data/HiDRA/Data/gCSI-gCSI/split_0,/tmp/weaverr/Data/HiDRA/Data/gCSI-gCSI/split_0,./out_model,64,0.006855085433432226,100,run_01_001_0028,0.007899047806859016
/tmp/weaverr/Data/HiDRA/Data/gCSI-gCSI/split_0,/tmp/weaverr/Data/HiDRA/Data/gCSI-gCSI/split_0,./out_model,16,0.009473290796720149,100,run_01_001_0032,0.009451976045966148
/tmp/weaverr/Data/HiDRA/Data/gCSI-gCSI/split_0,/tmp/weaverr/Data/HiDRA/Data/gCSI-gCSI/split_0,./out_model,512,0.000610694568568724,100,run_01_001_0000,0.009569571353495121
/tmp/weaverr/Data/HiDRA/Data/gCSI-gCSI/split_0,/tmp/weaverr/Data/HiDRA/Data/gCSI-gCSI/split_0,./out_model,256,0.005994380495641722,100,run_01_001_0060,0.009566934779286385
/tmp/weaverr/Data/HiDRA/Data/gCSI-gCSI/split_0,/tmp/weaverr/Data/HiDRA/Data/gCSI-gCSI/split_0,./out_model,512,0.007957178788024809,100,run_01_001_0027,0.01117037981748581
/tmp/weaverr/Data/HiDRA/Data/gCSI-gCSI/split_0,/tmp/weaverr/Data/HiDRA/Data/gCSI-gCSI/split_0,./out_model,128,0.0022007824481432648,100,run_01_001_0015,0.009444729425013065
/tmp/weaverr/Data/HiDRA/Data/gCSI-gCSI/split_0,/tmp/weaverr/Data/HiDRA/Data/gCSI-gCSI/split_0,./out_model,128,0.002587957393561765,100,run_01_001_0077,0.009813855402171612
/tmp/weaverr/Data/HiDRA/Data/gCSI-gCSI/split_0,/tmp/weaverr/Data/HiDRA/Data/gCSI-gCSI/split_0,./out_model,1024,0.00178676732146799,100,run_01_001_0005,0.014185567386448383
/tmp/weaverr/Data/HiDRA/Data/gCSI-gCSI/split_0,/tmp/weaverr/Data/HiDRA/Data/gCSI-gCSI/split_0,./out_model,256,0.00512640300966186,100,run_01_001_0019,0.008964123204350471
/tmp/weaverr/Data/HiDRA/Data/gCSI-gCSI/split_0,/tmp/weaverr/Data/HiDRA/Data/gCSI-gCSI/split_0,./out_model,32,0.008419717148769167,100,run_01_001_0071,0.008502022363245487
/tmp/weaverr/Data/HiDRA/Data/gCSI-gCSI/split_0,/tmp/weaverr/Data/HiDRA/Data/gCSI-gCSI/split_0,./out_model,16,0.001677052232512033,100,run_01_001_0038,0.007303182035684586
/tmp/weaverr/Data/HiDRA/Data/gCSI-gCSI/split_0,/tmp/weaverr/Data/HiDRA/Data/gCSI-gCSI/split_0,./out_model,32,0.007623904289678567,100,run_01_001_0018,0.007737237028777599
/tmp/weaverr/Data/HiDRA/Data/gCSI-gCSI/split_0,/tmp/weaverr/Data/HiDRA/Data/gCSI-gCSI/split_0,./out_model,256,0.00874275446433339,100,run_01_001_0074,0.008444328792393208
/tmp/weaverr/Data/HiDRA/Data/gCSI-gCSI/split_0,/tmp/weaverr/Data/HiDRA/Data/gCSI-gCSI/split_0,./out_model,64,0.00018486956730280653,100,run_01_001_0075,0.011466609314084053
/tmp/weaverr/Data/HiDRA/Data/gCSI-gCSI/split_0,/tmp/weaverr/Data/HiDRA/Data/gCSI-gCSI/split_0,./out_model,16,0.0016870020805245186,100,run_01_001_0001,0.007849804125726223
/tmp/weaverr/Data/HiDRA/Data/gCSI-gCSI/split_0,/tmp/weaverr/Data/HiDRA/Data/gCSI-gCSI/split_0,./out_model,32,0.002697265928825127,100,run_01_001_0034,0.008195825852453709
/tmp/weaverr/Data/HiDRA/Data/gCSI-gCSI/split_0,/tmp/weaverr/Data/HiDRA/Data/gCSI-gCSI/split_0,./out_model,32,0.0012417281914381283,100,run_01_001_0033,0.009350799024105072
/tmp/weaverr/Data/HiDRA/Data/gCSI-gCSI/split_0,/tmp/weaverr/Data/HiDRA/Data/gCSI-gCSI/split_0,./out_model,128,0.007292176215987037,100,run_01_002_0005,0.008804207667708397
/tmp/weaverr/Data/HiDRA/Data/gCSI-gCSI/split_0,/tmp/weaverr/Data/HiDRA/Data/gCSI-gCSI/split_0,./out_model,16,0.004677197797527773,100,run_01_002_0036,0.008831098675727844
/tmp/weaverr/Data/HiDRA/Data/gCSI-gCSI/split_0,/tmp/weaverr/Data/HiDRA/Data/gCSI-gCSI/split_0,./out_model,512,0.0046555455000023395,100,run_01_002_0015,0.010963340289890766
/tmp/weaverr/Data/HiDRA/Data/gCSI-gCSI/split_0,/tmp/weaverr/Data/HiDRA/Data/gCSI-gCSI/split_0,./out_model,64,0.0046555455000023395,100,run_01_002_0034,0.009384935721755028
/tmp/weaverr/Data/HiDRA/Data/gCSI-gCSI/split_0,/tmp/weaverr/Data/HiDRA/Data/gCSI-gCSI/split_0,./out_model,256,0.0036208211505194365,100,run_01_002_0007,0.010016249492764473
/tmp/weaverr/Data/HiDRA/Data/gCSI-gCSI/split_0,/tmp/weaverr/Data/HiDRA/Data/gCSI-gCSI/split_0,./out_model,512,0.005105702276378816,100,run_01_002_0008,0.009157824330031872
/tmp/weaverr/Data/HiDRA/Data/gCSI-gCSI/split_0,/tmp/weaverr/Data/HiDRA/Data/gCSI-gCSI/split_0,./out_model,64,0.006416209041616468,100,run_01_002_0033,0.008547590114176273
/tmp/weaverr/Data/HiDRA/Data/gCSI-gCSI/split_0,/tmp/weaverr/Data/HiDRA/Data/gCSI-gCSI/split_0,./out_model,64,0.006565005400448345,100,run_01_002_0020,0.008830519393086433
/tmp/weaverr/Data/HiDRA/Data/gCSI-gCSI/split_0,/tmp/weaverr/Data/HiDRA/Data/gCSI-gCSI/split_0,./out_model,1024,0.008011803985878646,100,run_01_002_0031,0.11781772971153259
/tmp/weaverr/Data/HiDRA/Data/gCSI-gCSI/split_0,/tmp/weaverr/Data/HiDRA/Data/gCSI-gCSI/split_0,./out_model,64,0.003985232245780509,100,run_01_002_0026,0.0086942408233881
/tmp/weaverr/Data/HiDRA/Data/gCSI-gCSI/split_0,/tmp/weaverr/Data/HiDRA/Data/gCSI-gCSI/split_0,./out_model,16,0.009473290796720149,100,run_01_002_0035,0.008878041058778763
/tmp/weaverr/Data/HiDRA/Data/gCSI-gCSI/split_0,/tmp/weaverr/Data/HiDRA/Data/gCSI-gCSI/split_0,./out_model,512,0.002587957393561765,100,run_01_002_0032,0.012708459049463272
/tmp/weaverr/Data/HiDRA/Data/gCSI-gCSI/split_0,/tmp/weaverr/Data/HiDRA/Data/gCSI-gCSI/split_0,./out_model,64,0.007935655145737448,100,run_01_002_0019,0.008490069769322872
/tmp/weaverr/Data/HiDRA/Data/gCSI-gCSI/split_0,/tmp/weaverr/Data/HiDRA/Data/gCSI-gCSI/split_0,./out_model,128,0.0014234040013304718,100,run_01_002_0029,0.010658569633960724
/tmp/weaverr/Data/HiDRA/Data/gCSI-gCSI/split_0,/tmp/weaverr/Data/HiDRA/Data/gCSI-gCSI/split_0,./out_model,512,0.0006005802622736553,100,run_01_002_0027,0.01112279947847128
/tmp/weaverr/Data/HiDRA/Data/gCSI-gCSI/split_0,/tmp/weaverr/Data/HiDRA/Data/gCSI-gCSI/split_0,./out_model,256,0.00512640300966186,100,run_01_002_0000,0.00908366497606039
/tmp/weaverr/Data/HiDRA/Data/gCSI-gCSI/split_0,/tmp/weaverr/Data/HiDRA/Data/gCSI-gCSI/split_0,./out_model,64,0.002971876794225801,100,run_01_002_0006,0.009407334960997105
/tmp/weaverr/Data/HiDRA/Data/gCSI-gCSI/split_0,/tmp/weaverr/Data/HiDRA/Data/gCSI-gCSI/split_0,./out_model,64,0.0065042268937148436,100,run_01_002_0021,0.008569997735321522
/tmp/weaverr/Data/HiDRA/Data/gCSI-gCSI/split_0,/tmp/weaverr/Data/HiDRA/Data/gCSI-gCSI/split_0,./out_model,512,0.002417012966148844,100,run_01_002_0028,0.010244041681289673
/tmp/weaverr/Data/HiDRA/Data/gCSI-gCSI/split_0,/tmp/weaverr/Data/HiDRA/Data/gCSI-gCSI/split_0,./out_model,128,0.007449405491582693,100,run_01_002_0001,0.009884406812489033
/tmp/weaverr/Data/HiDRA/Data/gCSI-gCSI/split_0,/tmp/weaverr/Data/HiDRA/Data/gCSI-gCSI/split_0,./out_model,32,0.00031078618548419865,100,run_01_002_0038,0.010047554038465023
/tmp/weaverr/Data/HiDRA/Data/gCSI-gCSI/split_0,/tmp/weaverr/Data/HiDRA/Data/gCSI-gCSI/split_0,./out_model,32,0.0017881977547752393,100,run_01_002_0012,0.00861420203000307
/tmp/weaverr/Data/HiDRA/Data/gCSI-gCSI/split_0,/tmp/weaverr/Data/HiDRA/Data/gCSI-gCSI/split_0,./out_model,128,0.006885360939396684,100,run_01_002_0030,0.00932008121162653
/tmp/weaverr/Data/HiDRA/Data/gCSI-gCSI/split_0,/tmp/weaverr/Data/HiDRA/Data/gCSI-gCSI/split_0,./out_model,1024,0.006910909728403439,100,run_01_002_0018,0.013186917640268803
/tmp/weaverr/Data/HiDRA/Data/gCSI-gCSI/split_0,/tmp/weaverr/Data/HiDRA/Data/gCSI-gCSI/split_0,./out_model,1024,0.0018732124322928603,100,run_01_002_0013,0.016717279329895973
/tmp/weaverr/Data/HiDRA/Data/gCSI-gCSI/split_0,/tmp/weaverr/Data/HiDRA/Data/gCSI-gCSI/split_0,./out_model,256,0.00512640300966186,100,run_01_002_0024,0.008859222754836082
/tmp/weaverr/Data/HiDRA/Data/gCSI-gCSI/split_0,/tmp/weaverr/Data/HiDRA/Data/gCSI-gCSI/split_0,./out_model,512,0.006885360939396684,100,run_01_002_0017,0.009078159928321838
/tmp/weaverr/Data/HiDRA/Data/gCSI-gCSI/split_0,/tmp/weaverr/Data/HiDRA/Data/gCSI-gCSI/split_0,./out_model,64,0.0062405417329460845,100,run_01_002_0023,0.00829581543803215
/tmp/weaverr/Data/HiDRA/Data/gCSI-gCSI/split_0,/tmp/weaverr/Data/HiDRA/Data/gCSI-gCSI/split_0,./out_model,64,0.002885816943232896,100,run_01_002_0039,0.010459484532475471
/tmp/weaverr/Data/HiDRA/Data/gCSI-gCSI/split_0,/tmp/weaverr/Data/HiDRA/Data/gCSI-gCSI/split_0,./out_model,512,0.0007836127825250681,100,run_01_002_0037,0.010346669703722
/tmp/weaverr/Data/HiDRA/Data/gCSI-gCSI/split_0,/tmp/weaverr/Data/HiDRA/Data/gCSI-gCSI/split_0,./out_model,256,0.0036208211505194365,100,run_01_002_0014,0.011024165898561478
/tmp/weaverr/Data/HiDRA/Data/gCSI-gCSI/split_0,/tmp/weaverr/Data/HiDRA/Data/gCSI-gCSI/split_0,./out_model,64,0.0017881977547752393,100,run_01_002_0010,0.009038401767611504
/tmp/weaverr/Data/HiDRA/Data/gCSI-gCSI/split_0,/tmp/weaverr/Data/HiDRA/Data/gCSI-gCSI/split_0,./out_model,64,0.003848631461525414,100,run_01_002_0004,0.008242504671216011
/tmp/weaverr/Data/HiDRA/Data/gCSI-gCSI/split_0,/tmp/weaverr/Data/HiDRA/Data/gCSI-gCSI/split_0,./out_model,512,0.000610694568568724,100,run_01_002_0025,0.010987453162670135
/tmp/weaverr/Data/HiDRA/Data/gCSI-gCSI/split_0,/tmp/weaverr/Data/HiDRA/Data/gCSI-gCSI/split_0,./out_model,128,0.0005557763723753519,100,run_01_002_0003,0.011653043329715729
/tmp/weaverr/Data/HiDRA/Data/gCSI-gCSI/split_0,/tmp/weaverr/Data/HiDRA/Data/gCSI-gCSI/split_0,./out_model,64,0.0025361561835871337,100,run_01_002_0011,0.00769830821081996
/tmp/weaverr/Data/HiDRA/Data/gCSI-gCSI/split_0,/tmp/weaverr/Data/HiDRA/Data/gCSI-gCSI/split_0,./out_model,32,0.0012417281914381283,100,run_01_002_0009,0.008337844163179398
/tmp/weaverr/Data/HiDRA/Data/gCSI-gCSI/split_0,/tmp/weaverr/Data/HiDRA/Data/gCSI-gCSI/split_0,./out_model,512,0.008892431188299724,100,run_01_002_0002,0.009693833068013191
/tmp/weaverr/Data/HiDRA/Data/gCSI-gCSI/split_0,/tmp/weaverr/Data/HiDRA/Data/gCSI-gCSI/split_0,./out_model,256,0.00874275446433339,100,run_01_002_0016,0.008811796084046364
/tmp/weaverr/Data/HiDRA/Data/gCSI-gCSI/split_0,/tmp/weaverr/Data/HiDRA/Data/gCSI-gCSI/split_0,./out_model,16,0.001677052232512033,100,run_01_002_0022,0.008878888562321663
/tmp/weaverr/Data/HiDRA/Data/gCSI-gCSI/split_0,/tmp/weaverr/Data/HiDRA/Data/gCSI-gCSI/split_0,./out_model,64,0.006565005400448345,100,run_01_003_0033,0.008351346477866173
/tmp/weaverr/Data/HiDRA/Data/gCSI-gCSI/split_0,/tmp/weaverr/Data/HiDRA/Data/gCSI-gCSI/split_0,./out_model,256,0.0036208211505194365,100,run_01_003_0015,0.009731163270771503
/tmp/weaverr/Data/HiDRA/Data/gCSI-gCSI/split_0,/tmp/weaverr/Data/HiDRA/Data/gCSI-gCSI/split_0,./out_model,256,0.00512640300966186,100,run_01_003_0020,0.010488000698387623
/tmp/weaverr/Data/HiDRA/Data/gCSI-gCSI/split_0,/tmp/weaverr/Data/HiDRA/Data/gCSI-gCSI/split_0,./out_model,256,0.007935655145737448,100,run_01_003_0019,0.0094766141846776
/tmp/weaverr/Data/HiDRA/Data/gCSI-gCSI/split_0,/tmp/weaverr/Data/HiDRA/Data/gCSI-gCSI/split_0,./out_model,128,0.005957128087003251,100,run_01_003_0007,0.008944587782025337
/tmp/weaverr/Data/HiDRA/Data/gCSI-gCSI/split_0,/tmp/weaverr/Data/HiDRA/Data/gCSI-gCSI/split_0,./out_model,128,0.007022727728559114,100,run_01_003_0008,0.009252668358385563
/tmp/weaverr/Data/HiDRA/Data/gCSI-gCSI/split_0,/tmp/weaverr/Data/HiDRA/Data/gCSI-gCSI/split_0,./out_model,256,0.0036208211505194365,100,run_01_003_0026,0.008606893010437489
/tmp/weaverr/Data/HiDRA/Data/gCSI-gCSI/split_0,/tmp/weaverr/Data/HiDRA/Data/gCSI-gCSI/split_0,./out_model,64,0.0031910281688931493,100,run_01_003_0002,0.008629954420030117
/tmp/weaverr/Data/HiDRA/Data/gCSI-gCSI/split_0,/tmp/weaverr/Data/HiDRA/Data/gCSI-gCSI/split_0,./out_model,64,0.008419717148769167,100,run_01_003_0035,0.00779329426586628
/tmp/weaverr/Data/HiDRA/Data/gCSI-gCSI/split_0,/tmp/weaverr/Data/HiDRA/Data/gCSI-gCSI/split_0,./out_model,128,0.009091992057138194,100,run_01_003_0032,0.00869554840028286
/tmp/weaverr/Data/HiDRA/Data/gCSI-gCSI/split_0,/tmp/weaverr/Data/HiDRA/Data/gCSI-gCSI/split_0,./out_model,128,0.009091992057138194,100,run_01_003_0009,0.008596660569310188
/tmp/weaverr/Data/HiDRA/Data/gCSI-gCSI/split_0,/tmp/weaverr/Data/HiDRA/Data/gCSI-gCSI/split_0,./out_model,64,0.003574010800617273,100,run_01_003_0029,0.010231433436274529
/tmp/weaverr/Data/HiDRA/Data/gCSI-gCSI/split_0,/tmp/weaverr/Data/HiDRA/Data/gCSI-gCSI/split_0,./out_model,64,0.0065042268937148436,100,run_01_003_0005,0.007715676445513964
/tmp/weaverr/Data/HiDRA/Data/gCSI-gCSI/split_0,/tmp/weaverr/Data/HiDRA/Data/gCSI-gCSI/split_0,./out_model,32,0.0017881977547752393,100,run_01_003_0016,0.00939854048192501
/tmp/weaverr/Data/HiDRA/Data/gCSI-gCSI/split_0,/tmp/weaverr/Data/HiDRA/Data/gCSI-gCSI/split_0,./out_model,64,0.008651247781200048,100,run_01_003_0038,0.008185922168195248
/tmp/weaverr/Data/HiDRA/Data/gCSI-gCSI/split_0,/tmp/weaverr/Data/HiDRA/Data/gCSI-gCSI/split_0,./out_model,128,0.007022727728559114,100,run_01_003_0031,0.00939918216317892
/tmp/weaverr/Data/HiDRA/Data/gCSI-gCSI/split_0,/tmp/weaverr/Data/HiDRA/Data/gCSI-gCSI/split_0,./out_model,256,0.005039965165570019,100,run_01_003_0021,0.008688364177942276
/tmp/weaverr/Data/HiDRA/Data/gCSI-gCSI/split_0,/tmp/weaverr/Data/HiDRA/Data/gCSI-gCSI/split_0,./out_model,256,0.0051442987965539776,100,run_01_003_0000,0.009190229699015617
/tmp/weaverr/Data/HiDRA/Data/gCSI-gCSI/split_0,/tmp/weaverr/Data/HiDRA/Data/gCSI-gCSI/split_0,./out_model,256,0.0036208211505194365,100,run_01_003_0027,0.010569032281637192
/tmp/weaverr/Data/HiDRA/Data/gCSI-gCSI/split_0,/tmp/weaverr/Data/HiDRA/Data/gCSI-gCSI/split_0,./out_model,32,0.008481618068651504,100,run_01_003_0030,0.007061122450977564
/tmp/weaverr/Data/HiDRA/Data/gCSI-gCSI/split_0,/tmp/weaverr/Data/HiDRA/Data/gCSI-gCSI/split_0,./out_model,128,0.0062405417329460845,100,run_01_003_0023,0.009402751922607422
/tmp/weaverr/Data/HiDRA/Data/gCSI-gCSI/split_0,/tmp/weaverr/Data/HiDRA/Data/gCSI-gCSI/split_0,./out_model,64,0.007393338680570724,100,run_01_003_0036,0.009236462414264679
/tmp/weaverr/Data/HiDRA/Data/gCSI-gCSI/split_0,/tmp/weaverr/Data/HiDRA/Data/gCSI-gCSI/split_0,./out_model,256,0.005788947224108379,100,run_01_003_0018,0.008795691654086113
/tmp/weaverr/Data/HiDRA/Data/gCSI-gCSI/split_0,/tmp/weaverr/Data/HiDRA/Data/gCSI-gCSI/split_0,./out_model,64,0.006565005400448345,100,run_01_003_0001,0.0082101346924901
/tmp/weaverr/Data/HiDRA/Data/gCSI-gCSI/split_0,/tmp/weaverr/Data/HiDRA/Data/gCSI-gCSI/split_0,./out_model,128,0.0062405417329460845,100,run_01_003_0013,0.010454756207764149
/tmp/weaverr/Data/HiDRA/Data/gCSI-gCSI/split_0,/tmp/weaverr/Data/HiDRA/Data/gCSI-gCSI/split_0,./out_model,64,0.0036208211505194365,100,run_01_003_0017,0.008179908618330956
/tmp/weaverr/Data/HiDRA/Data/gCSI-gCSI/split_0,/tmp/weaverr/Data/HiDRA/Data/gCSI-gCSI/split_0,./out_model,64,0.006695699532987288,100,run_01_003_0004,0.008601248264312744
/tmp/weaverr/Data/HiDRA/Data/gCSI-gCSI/split_0,/tmp/weaverr/Data/HiDRA/Data/gCSI-gCSI/split_0,./out_model,32,0.008419717148769167,100,run_01_003_0028,0.008371771313250065
/tmp/weaverr/Data/HiDRA/Data/gCSI-gCSI/split_0,/tmp/weaverr/Data/HiDRA/Data/gCSI-gCSI/split_0,./out_model,128,0.008128570255008056,100,run_01_003_0003,0.00957949087023735
/tmp/weaverr/Data/HiDRA/Data/gCSI-gCSI/split_0,/tmp/weaverr/Data/HiDRA/Data/gCSI-gCSI/split_0,./out_model,32,0.0072449208573812166,100,run_01_003_0012,0.008326795883476734
/tmp/weaverr/Data/HiDRA/Data/gCSI-gCSI/split_0,/tmp/weaverr/Data/HiDRA/Data/gCSI-gCSI/split_0,./out_model,16,0.0021717348869988813,100,run_01_003_0011,0.009527679532766342
/tmp/weaverr/Data/HiDRA/Data/gCSI-gCSI/split_0,/tmp/weaverr/Data/HiDRA/Data/gCSI-gCSI/split_0,./out_model,256,0.00874275446433339,100,run_01_003_0039,0.008372882381081581
/tmp/weaverr/Data/HiDRA/Data/gCSI-gCSI/split_0,/tmp/weaverr/Data/HiDRA/Data/gCSI-gCSI/split_0,./out_model,32,0.007678357959662664,100,run_01_003_0025,0.00815524160861969
/tmp/weaverr/Data/HiDRA/Data/gCSI-gCSI/split_0,/tmp/weaverr/Data/HiDRA/Data/gCSI-gCSI/split_0,./out_model,32,0.002697265928825127,100,run_01_003_0006,0.008466584607958794
/tmp/weaverr/Data/HiDRA/Data/gCSI-gCSI/split_0,/tmp/weaverr/Data/HiDRA/Data/gCSI-gCSI/split_0,./out_model,32,0.007449405491582693,100,run_01_003_0010,0.007980103604495525
/tmp/weaverr/Data/HiDRA/Data/gCSI-gCSI/split_0,/tmp/weaverr/Data/HiDRA/Data/gCSI-gCSI/split_0,./out_model,32,0.00631024401230877,100,run_01_003_0014,0.008743147365748882
/tmp/weaverr/Data/HiDRA/Data/gCSI-gCSI/split_0,/tmp/weaverr/Data/HiDRA/Data/gCSI-gCSI/split_0,./out_model,32,0.0012417281914381283,100,run_01_003_0024,0.00929580070078373
/tmp/weaverr/Data/HiDRA/Data/gCSI-gCSI/split_0,/tmp/weaverr/Data/HiDRA/Data/gCSI-gCSI/split_0,./out_model,32,0.008839697729407566,100,run_01_003_0022,0.008627474308013916
/tmp/weaverr/Data/HiDRA/Data/gCSI-gCSI/split_0,/tmp/weaverr/Data/HiDRA/Data/gCSI-gCSI/split_0,./out_model,16,0.0016870020805245186,100,run_01_003_0037,0.008938100188970566
/tmp/weaverr/Data/HiDRA/Data/gCSI-gCSI/split_0,/tmp/weaverr/Data/HiDRA/Data/gCSI-gCSI/split_0,./out_model,16,0.01,100,run_01_003_0034,0.00914689525961876
/tmp/weaverr/Data/HiDRA/Data/gCSI-gCSI/split_0,/tmp/weaverr/Data/HiDRA/Data/gCSI-gCSI/split_0,./out_model,64,0.006565005400448345,100,run_01_004_0005,0.010631064884364605
/tmp/weaverr/Data/HiDRA/Data/gCSI-gCSI/split_0,/tmp/weaverr/Data/HiDRA/Data/gCSI-gCSI/split_0,./out_model,64,0.008986611134071612,100,run_01_004_0007,0.008646775037050247
/tmp/weaverr/Data/HiDRA/Data/gCSI-gCSI/split_0,/tmp/weaverr/Data/HiDRA/Data/gCSI-gCSI/split_0,./out_model,256,0.006565005400448345,100,run_01_004_0011,0.009122326970100403
/tmp/weaverr/Data/HiDRA/Data/gCSI-gCSI/split_0,/tmp/weaverr/Data/HiDRA/Data/gCSI-gCSI/split_0,./out_model,128,0.0048912700341931055,100,run_01_004_0032,0.008597208186984062
/tmp/weaverr/Data/HiDRA/Data/gCSI-gCSI/split_0,/tmp/weaverr/Data/HiDRA/Data/gCSI-gCSI/split_0,./out_model,64,0.007449405491582693,100,run_01_004_0026,0.009294216521084309
/tmp/weaverr/Data/HiDRA/Data/gCSI-gCSI/split_0,/tmp/weaverr/Data/HiDRA/Data/gCSI-gCSI/split_0,./out_model,64,0.0034683404390660672,100,run_01_004_0031,0.008167644962668419
/tmp/weaverr/Data/HiDRA/Data/gCSI-gCSI/split_0,/tmp/weaverr/Data/HiDRA/Data/gCSI-gCSI/split_0,./out_model,64,0.006565005400448345,100,run_01_004_0033,0.008887767791748047
/tmp/weaverr/Data/HiDRA/Data/gCSI-gCSI/split_0,/tmp/weaverr/Data/HiDRA/Data/gCSI-gCSI/split_0,./out_model,64,0.006565005400448345,100,run_01_004_0020,0.008748886175453663
/tmp/weaverr/Data/HiDRA/Data/gCSI-gCSI/split_0,/tmp/weaverr/Data/HiDRA/Data/gCSI-gCSI/split_0,./out_model,32,0.005701262596983762,100,run_01_004_0019,0.008587840013206005
/tmp/weaverr/Data/HiDRA/Data/gCSI-gCSI/split_0,/tmp/weaverr/Data/HiDRA/Data/gCSI-gCSI/split_0,./out_model,32,0.008481618068651504,100,run_01_004_0035,0.008569133467972279
/tmp/weaverr/Data/HiDRA/Data/gCSI-gCSI/split_0,/tmp/weaverr/Data/HiDRA/Data/gCSI-gCSI/split_0,./out_model,64,0.0075165140452893835,100,run_01_004_0037,0.007651712279766798
/tmp/weaverr/Data/HiDRA/Data/gCSI-gCSI/split_0,/tmp/weaverr/Data/HiDRA/Data/gCSI-gCSI/split_0,./out_model,256,0.003874113606811987,100,run_01_004_0000,0.010530943050980568
/tmp/weaverr/Data/HiDRA/Data/gCSI-gCSI/split_0,/tmp/weaverr/Data/HiDRA/Data/gCSI-gCSI/split_0,./out_model,64,0.006565005400448345,100,run_01_004_0009,0.008640939369797707
/tmp/weaverr/Data/HiDRA/Data/gCSI-gCSI/split_0,/tmp/weaverr/Data/HiDRA/Data/gCSI-gCSI/split_0,./out_model,32,0.002697265928825127,100,run_01_004_0008,0.00800656620413065
/tmp/weaverr/Data/HiDRA/Data/gCSI-gCSI/split_0,/tmp/weaverr/Data/HiDRA/Data/gCSI-gCSI/split_0,./out_model,64,0.003848631461525414,100,run_01_004_0023,0.008087641559541225
/tmp/weaverr/Data/HiDRA/Data/gCSI-gCSI/split_0,/tmp/weaverr/Data/HiDRA/Data/gCSI-gCSI/split_0,./out_model,64,0.007283587509982515,100,run_01_004_0006,0.008556927554309368
/tmp/weaverr/Data/HiDRA/Data/gCSI-gCSI/split_0,/tmp/weaverr/Data/HiDRA/Data/gCSI-gCSI/split_0,./out_model,16,0.0011092277937871332,100,run_01_004_0018,0.00862495694309473
/tmp/weaverr/Data/HiDRA/Data/gCSI-gCSI/split_0,/tmp/weaverr/Data/HiDRA/Data/gCSI-gCSI/split_0,./out_model,32,0.007623904289678567,100,run_01_004_0028,0.008118946105241776
/tmp/weaverr/Data/HiDRA/Data/gCSI-gCSI/split_0,/tmp/weaverr/Data/HiDRA/Data/gCSI-gCSI/split_0,./out_model,64,0.00671237343256597,100,run_01_004_0012,0.008654513396322727
/tmp/weaverr/Data/HiDRA/Data/gCSI-gCSI/split_0,/tmp/weaverr/Data/HiDRA/Data/gCSI-gCSI/split_0,./out_model,64,0.0016870020805245186,100,run_01_004_0029,0.00820876844227314
/tmp/weaverr/Data/HiDRA/Data/gCSI-gCSI/split_0,/tmp/weaverr/Data/HiDRA/Data/gCSI-gCSI/split_0,./out_model,32,0.009154322353661214,100,run_01_004_0021,0.008386791683733463
/tmp/weaverr/Data/HiDRA/Data/gCSI-gCSI/split_0,/tmp/weaverr/Data/HiDRA/Data/gCSI-gCSI/split_0,./out_model,256,0.007425975906098914,100,run_01_004_0004,0.008636382408440113
/tmp/weaverr/Data/HiDRA/Data/gCSI-gCSI/split_0,/tmp/weaverr/Data/HiDRA/Data/gCSI-gCSI/split_0,./out_model,16,0.0016870020805245186,100,run_01_004_0017,0.008478867821395397
/tmp/weaverr/Data/HiDRA/Data/gCSI-gCSI/split_0,/tmp/weaverr/Data/HiDRA/Data/gCSI-gCSI/split_0,./out_model,128,0.0062405417329460845,100,run_01_004_0003,0.008646146394312382
/tmp/weaverr/Data/HiDRA/Data/gCSI-gCSI/split_0,/tmp/weaverr/Data/HiDRA/Data/gCSI-gCSI/split_0,./out_model,32,0.007138781703275548,100,run_01_004_0030,0.008135712705552578
/tmp/weaverr/Data/HiDRA/Data/gCSI-gCSI/split_0,/tmp/weaverr/Data/HiDRA/Data/gCSI-gCSI/split_0,./out_model,64,0.0013701922529941702,100,run_01_004_0014,0.01008287537842989
/tmp/weaverr/Data/HiDRA/Data/gCSI-gCSI/split_0,/tmp/weaverr/Data/HiDRA/Data/gCSI-gCSI/split_0,./out_model,64,0.006477934736450801,100,run_01_004_0001,0.007887356914579868
/tmp/weaverr/Data/HiDRA/Data/gCSI-gCSI/split_0,/tmp/weaverr/Data/HiDRA/Data/gCSI-gCSI/split_0,./out_model,64,0.003574010800617273,100,run_01_004_0016,0.008966060355305672
/tmp/weaverr/Data/HiDRA/Data/gCSI-gCSI/split_0,/tmp/weaverr/Data/HiDRA/Data/gCSI-gCSI/split_0,./out_model,64,0.008419717148769167,100,run_01_004_0010,0.008172580972313881
/tmp/weaverr/Data/HiDRA/Data/gCSI-gCSI/split_0,/tmp/weaverr/Data/HiDRA/Data/gCSI-gCSI/split_0,./out_model,16,0.0062405417329460845,100,run_01_004_0027,0.008392526768147945
/tmp/weaverr/Data/HiDRA/Data/gCSI-gCSI/split_0,/tmp/weaverr/Data/HiDRA/Data/gCSI-gCSI/split_0,./out_model,32,0.0012417281914381283,100,run_01_004_0022,0.008349527604877949
/tmp/weaverr/Data/HiDRA/Data/gCSI-gCSI/split_0,/tmp/weaverr/Data/HiDRA/Data/gCSI-gCSI/split_0,./out_model,32,0.004445744461376514,100,run_01_004_0039,0.008372977375984192
/tmp/weaverr/Data/HiDRA/Data/gCSI-gCSI/split_0,/tmp/weaverr/Data/HiDRA/Data/gCSI-gCSI/split_0,./out_model,64,0.008986611134071612,100,run_01_004_0025,0.008603067137300968
/tmp/weaverr/Data/HiDRA/Data/gCSI-gCSI/split_0,/tmp/weaverr/Data/HiDRA/Data/gCSI-gCSI/split_0,./out_model,32,0.008419717148769167,100,run_01_004_0024,0.008264540694653988
/tmp/weaverr/Data/HiDRA/Data/gCSI-gCSI/split_0,/tmp/weaverr/Data/HiDRA/Data/gCSI-gCSI/split_0,./out_model,16,0.0018569796063497503,100,run_01_004_0013,0.008916192688047886
/tmp/weaverr/Data/HiDRA/Data/gCSI-gCSI/split_0,/tmp/weaverr/Data/HiDRA/Data/gCSI-gCSI/split_0,./out_model,16,0.001091506702890367,100,run_01_004_0036,0.009145579300820827
/tmp/weaverr/Data/HiDRA/Data/gCSI-gCSI/split_0,/tmp/weaverr/Data/HiDRA/Data/gCSI-gCSI/split_0,./out_model,256,0.008955378071051396,100,run_01_004_0038,0.008729423396289349
/tmp/weaverr/Data/HiDRA/Data/gCSI-gCSI/split_0,/tmp/weaverr/Data/HiDRA/Data/gCSI-gCSI/split_0,./out_model,128,0.00819717700688631,100,run_01_004_0034,0.008859513327479362
/tmp/weaverr/Data/HiDRA/Data/gCSI-gCSI/split_0,/tmp/weaverr/Data/HiDRA/Data/gCSI-gCSI/split_0,./out_model,16,0.0017890144590663104,100,run_01_004_0015,0.008629747666418552
/tmp/weaverr/Data/HiDRA/Data/gCSI-gCSI/split_0,/tmp/weaverr/Data/HiDRA/Data/gCSI-gCSI/split_0,./out_model,64,0.008419717148769167,100,run_01_004_0002,0.00787578895688057
/tmp/weaverr/Data/HiDRA/Data/gCSI-gCSI/split_0,/tmp/weaverr/Data/HiDRA/Data/gCSI-gCSI/split_0,./out_model,64,0.007218477244110311,100,run_01_005_0002,0.010781887918710709
/tmp/weaverr/Data/HiDRA/Data/gCSI-gCSI/split_0,/tmp/weaverr/Data/HiDRA/Data/gCSI-gCSI/split_0,./out_model,64,0.008175737952334205,100,run_01_005_0007,0.008733199909329414
/tmp/weaverr/Data/HiDRA/Data/gCSI-gCSI/split_0,/tmp/weaverr/Data/HiDRA/Data/gCSI-gCSI/split_0,./out_model,256,0.005039965165570019,100,run_01_005_0033,0.009385076351463795
/tmp/weaverr/Data/HiDRA/Data/gCSI-gCSI/split_0,/tmp/weaverr/Data/HiDRA/Data/gCSI-gCSI/split_0,./out_model,256,0.005039965165570019,100,run_01_005_0019,0.01037210039794445
/tmp/weaverr/Data/HiDRA/Data/gCSI-gCSI/split_0,/tmp/weaverr/Data/HiDRA/Data/gCSI-gCSI/split_0,./out_model,32,0.0016870020805245186,100,run_01_005_0038,0.007998285815119743
/tmp/weaverr/Data/HiDRA/Data/gCSI-gCSI/split_0,/tmp/weaverr/Data/HiDRA/Data/gCSI-gCSI/split_0,./out_model,128,0.008986611134071612,100,run_01_005_0031,0.009266385808587074
/tmp/weaverr/Data/HiDRA/Data/gCSI-gCSI/split_0,/tmp/weaverr/Data/HiDRA/Data/gCSI-gCSI/split_0,./out_model,64,0.005969180945962655,100,run_01_005_0009,0.008799283765256405
/tmp/weaverr/Data/HiDRA/Data/gCSI-gCSI/split_0,/tmp/weaverr/Data/HiDRA/Data/gCSI-gCSI/split_0,./out_model,256,0.008419717148769167,100,run_01_005_0026,0.01349423173815012
/tmp/weaverr/Data/HiDRA/Data/gCSI-gCSI/split_0,/tmp/weaverr/Data/HiDRA/Data/gCSI-gCSI/split_0,./out_model,64,0.0061622028675155215,100,run_01_005_0020,0.007522652857005596
/tmp/weaverr/Data/HiDRA/Data/gCSI-gCSI/split_0,/tmp/weaverr/Data/HiDRA/Data/gCSI-gCSI/split_0,./out_model,256,0.007623904289678567,100,run_01_005_0000,0.00922513846307993
/tmp/weaverr/Data/HiDRA/Data/gCSI-gCSI/split_0,/tmp/weaverr/Data/HiDRA/Data/gCSI-gCSI/split_0,./out_model,16,0.008481618068651504,100,run_01_005_0035,0.008921138942241669
/tmp/weaverr/Data/HiDRA/Data/gCSI-gCSI/split_0,/tmp/weaverr/Data/HiDRA/Data/gCSI-gCSI/split_0,./out_model,64,0.009975027607249182,100,run_01_005_0032,0.008777929469943047
/tmp/weaverr/Data/HiDRA/Data/gCSI-gCSI/split_0,/tmp/weaverr/Data/HiDRA/Data/gCSI-gCSI/split_0,./out_model,32,0.007260840577826792,100,run_01_005_0021,0.008024608716368675
/tmp/weaverr/Data/HiDRA/Data/gCSI-gCSI/split_0,/tmp/weaverr/Data/HiDRA/Data/gCSI-gCSI/split_0,./out_model,32,0.008481618068651504,100,run_01_005_0013,0.007897012867033482
/tmp/weaverr/Data/HiDRA/Data/gCSI-gCSI/split_0,/tmp/weaverr/Data/HiDRA/Data/gCSI-gCSI/split_0,./out_model,32,0.0025707941090889683,100,run_01_005_0015,0.008195857517421246
/tmp/weaverr/Data/HiDRA/Data/gCSI-gCSI/split_0,/tmp/weaverr/Data/HiDRA/Data/gCSI-gCSI/split_0,./out_model,16,0.001677052232512033,100,run_01_005_0029,0.008407718501985073
/tmp/weaverr/Data/HiDRA/Data/gCSI-gCSI/split_0,/tmp/weaverr/Data/HiDRA/Data/gCSI-gCSI/split_0,./out_model,32,0.008481618068651504,100,run_01_005_0030,0.0074222506955266
/tmp/weaverr/Data/HiDRA/Data/gCSI-gCSI/split_0,/tmp/weaverr/Data/HiDRA/Data/gCSI-gCSI/split_0,./out_model,32,0.006477934736450801,100,run_01_005_0008,0.007828951813280582
/tmp/weaverr/Data/HiDRA/Data/gCSI-gCSI/split_0,/tmp/weaverr/Data/HiDRA/Data/gCSI-gCSI/split_0,./out_model,32,0.002697265928825127,100,run_01_005_0028,0.00935647077858448
/tmp/weaverr/Data/HiDRA/Data/gCSI-gCSI/split_0,/tmp/weaverr/Data/HiDRA/Data/gCSI-gCSI/split_0,./out_model,64,0.009585935949939835,100,run_01_005_0006,0.009142927825450897
/tmp/weaverr/Data/HiDRA/Data/gCSI-gCSI/split_0,/tmp/weaverr/Data/HiDRA/Data/gCSI-gCSI/split_0,./out_model,64,0.004694620571579624,100,run_01_005_0036,0.007683731149882078
/tmp/weaverr/Data/HiDRA/Data/gCSI-gCSI/split_0,/tmp/weaverr/Data/HiDRA/Data/gCSI-gCSI/split_0,./out_model,16,0.008986611134071612,100,run_01_005_0001,0.00818126555532217
/tmp/weaverr/Data/HiDRA/Data/gCSI-gCSI/split_0,/tmp/weaverr/Data/HiDRA/Data/gCSI-gCSI/split_0,./out_model,32,0.0061622028675155215,100,run_01_005_0012,0.007874834351241589
/tmp/weaverr/Data/HiDRA/Data/gCSI-gCSI/split_0,/tmp/weaverr/Data/HiDRA/Data/gCSI-gCSI/split_0,./out_model,256,0.0029773712086291104,100,run_01_005_0037,0.009653361514210701
/tmp/weaverr/Data/HiDRA/Data/gCSI-gCSI/split_0,/tmp/weaverr/Data/HiDRA/Data/gCSI-gCSI/split_0,./out_model,128,0.004991995188926866,100,run_01_005_0039,0.009530166164040565
/tmp/weaverr/Data/HiDRA/Data/gCSI-gCSI/split_0,/tmp/weaverr/Data/HiDRA/Data/gCSI-gCSI/split_0,./out_model,32,0.007138577691136927,100,run_01_005_0004,0.008172900415956974
/tmp/weaverr/Data/HiDRA/Data/gCSI-gCSI/split_0,/tmp/weaverr/Data/HiDRA/Data/gCSI-gCSI/split_0,./out_model,32,0.008379562398716248,100,run_01_005_0011,0.007246304303407669
/tmp/weaverr/Data/HiDRA/Data/gCSI-gCSI/split_0,/tmp/weaverr/Data/HiDRA/Data/gCSI-gCSI/split_0,./out_model,32,0.008481618068651504,100,run_01_005_0014,0.007715189829468727
/tmp/weaverr/Data/HiDRA/Data/gCSI-gCSI/split_0,/tmp/weaverr/Data/HiDRA/Data/gCSI-gCSI/split_0,./out_model,16,0.002439514664800136,100,run_01_005_0017,0.010617461986839771
/tmp/weaverr/Data/HiDRA/Data/gCSI-gCSI/split_0,/tmp/weaverr/Data/HiDRA/Data/gCSI-gCSI/split_0,./out_model,64,0.007623904289678567,100,run_01_005_0003,0.009118045680224895
/tmp/weaverr/Data/HiDRA/Data/gCSI-gCSI/split_0,/tmp/weaverr/Data/HiDRA/Data/gCSI-gCSI/split_0,./out_model,32,0.008481618068651504,100,run_01_005_0018,0.00859464704990387
/tmp/weaverr/Data/HiDRA/Data/gCSI-gCSI/split_0,/tmp/weaverr/Data/HiDRA/Data/gCSI-gCSI/split_0,./out_model,16,0.00015664150818655827,100,run_01_005_0023,0.01196654699742794
/tmp/weaverr/Data/HiDRA/Data/gCSI-gCSI/split_0,/tmp/weaverr/Data/HiDRA/Data/gCSI-gCSI/split_0,./out_model,64,0.0061622028675155215,100,run_01_005_0016,0.0086854612454772
/tmp/weaverr/Data/HiDRA/Data/gCSI-gCSI/split_0,/tmp/weaverr/Data/HiDRA/Data/gCSI-gCSI/split_0,./out_model,64,0.00976210224959099,100,run_01_005_0025,0.008329607546329498
/tmp/weaverr/Data/HiDRA/Data/gCSI-gCSI/split_0,/tmp/weaverr/Data/HiDRA/Data/gCSI-gCSI/split_0,./out_model,64,0.001677052232512033,100,run_01_005_0005,0.010553199797868729
/tmp/weaverr/Data/HiDRA/Data/gCSI-gCSI/split_0,/tmp/weaverr/Data/HiDRA/Data/gCSI-gCSI/split_0,./out_model,16,0.0014051401429695728,100,run_01_005_0027,0.008648104965686798
/tmp/weaverr/Data/HiDRA/Data/gCSI-gCSI/split_0,/tmp/weaverr/Data/HiDRA/Data/gCSI-gCSI/split_0,./out_model,16,0.0016870020805245186,100,run_01_005_0010,0.008254701271653175
/tmp/weaverr/Data/HiDRA/Data/gCSI-gCSI/split_0,/tmp/weaverr/Data/HiDRA/Data/gCSI-gCSI/split_0,./out_model,32,0.01,100,run_01_005_0022,0.008157354779541492
/tmp/weaverr/Data/HiDRA/Data/gCSI-gCSI/split_0,/tmp/weaverr/Data/HiDRA/Data/gCSI-gCSI/split_0,./out_model,16,0.0016870020805245186,100,run_01_005_0034,0.009383185766637325
/tmp/weaverr/Data/HiDRA/Data/gCSI-gCSI/split_0,/tmp/weaverr/Data/HiDRA/Data/gCSI-gCSI/split_0,./out_model,16,0.00185938831028662,100,run_01_005_0024,0.008386259898543358
/tmp/weaverr/Data/HiDRA/Data/gCSI-gCSI/split_0,/tmp/weaverr/Data/HiDRA/Data/gCSI-gCSI/split_0,./out_model,64,0.0061622028675155215,100,run_01_006_0002,0.009702802635729313
/tmp/weaverr/Data/HiDRA/Data/gCSI-gCSI/split_0,/tmp/weaverr/Data/HiDRA/Data/gCSI-gCSI/split_0,./out_model,32,0.008481618068651504,100,run_01_006_0015,0.008062690496444702
/tmp/weaverr/Data/HiDRA/Data/gCSI-gCSI/split_0,/tmp/weaverr/Data/HiDRA/Data/gCSI-gCSI/split_0,./out_model,64,0.007276617320516524,100,run_01_006_0020,0.00918625108897686
/tmp/weaverr/Data/HiDRA/Data/gCSI-gCSI/split_0,/tmp/weaverr/Data/HiDRA/Data/gCSI-gCSI/split_0,./out_model,64,0.008148358202017104,100,run_01_006_0008,0.008876139298081398
/tmp/weaverr/Data/HiDRA/Data/gCSI-gCSI/split_0,/tmp/weaverr/Data/HiDRA/Data/gCSI-gCSI/split_0,./out_model,16,2.16814532277192e-05,100,run_01_006_0031,0.0424342043697834
/tmp/weaverr/Data/HiDRA/Data/gCSI-gCSI/split_0,/tmp/weaverr/Data/HiDRA/Data/gCSI-gCSI/split_0,./out_model,32,0.008481618068651504,100,run_01_006_0026,0.00933376606553793
/tmp/weaverr/Data/HiDRA/Data/gCSI-gCSI/split_0,/tmp/weaverr/Data/HiDRA/Data/gCSI-gCSI/split_0,./out_model,32,0.001677052232512033,100,run_01_006_0035,0.009141464717686176
/tmp/weaverr/Data/HiDRA/Data/gCSI-gCSI/split_0,/tmp/weaverr/Data/HiDRA/Data/gCSI-gCSI/split_0,./out_model,32,0.008379562398716248,100,run_01_006_0007,0.010009178891777992
/tmp/weaverr/Data/HiDRA/Data/gCSI-gCSI/split_0,/tmp/weaverr/Data/HiDRA/Data/gCSI-gCSI/split_0,./out_model,32,0.008481618068651504,100,run_01_006_0021,0.008752387948334217
/tmp/weaverr/Data/HiDRA/Data/gCSI-gCSI/split_0,/tmp/weaverr/Data/HiDRA/Data/gCSI-gCSI/split_0,./out_model,64,0.0075165140452893835,100,run_01_006_0028,0.007988005876541138
/tmp/weaverr/Data/HiDRA/Data/gCSI-gCSI/split_0,/tmp/weaverr/Data/HiDRA/Data/gCSI-gCSI/split_0,./out_model,64,0.005842843013726372,100,run_01_006_0022,0.007825988344848156
/tmp/weaverr/Data/HiDRA/Data/gCSI-gCSI/split_0,/tmp/weaverr/Data/HiDRA/Data/gCSI-gCSI/split_0,./out_model,64,0.007789743289802877,100,run_01_006_0006,0.007962874136865139
/tmp/weaverr/Data/HiDRA/Data/gCSI-gCSI/split_0,/tmp/weaverr/Data/HiDRA/Data/gCSI-gCSI/split_0,./out_model,32,0.00930345951483982,100,run_01_006_0030,0.008055519312620163
/tmp/weaverr/Data/HiDRA/Data/gCSI-gCSI/split_0,/tmp/weaverr/Data/HiDRA/Data/gCSI-gCSI/split_0,./out_model,32,0.008481618068651504,100,run_01_006_0032,0.008594928309321404
/tmp/weaverr/Data/HiDRA/Data/gCSI-gCSI/split_0,/tmp/weaverr/Data/HiDRA/Data/gCSI-gCSI/split_0,./out_model,32,0.008368653931700028,100,run_01_006_0033,0.007962233386933804
/tmp/weaverr/Data/HiDRA/Data/gCSI-gCSI/split_0,/tmp/weaverr/Data/HiDRA/Data/gCSI-gCSI/split_0,./out_model,64,0.008986611134071612,100,run_01_006_0029,0.008179433643817902
/tmp/weaverr/Data/HiDRA/Data/gCSI-gCSI/split_0,/tmp/weaverr/Data/HiDRA/Data/gCSI-gCSI/split_0,./out_model,64,0.008419717148769167,100,run_01_006_0012,0.008504773490130901
/tmp/weaverr/Data/HiDRA/Data/gCSI-gCSI/split_0,/tmp/weaverr/Data/HiDRA/Data/gCSI-gCSI/split_0,./out_model,64,0.0075165140452893835,100,run_01_006_0018,0.008831162005662918
/tmp/weaverr/Data/HiDRA/Data/gCSI-gCSI/split_0,/tmp/weaverr/Data/HiDRA/Data/gCSI-gCSI/split_0,./out_model,32,0.007418494417994635,100,run_01_006_0000,0.008080934174358845
/tmp/weaverr/Data/HiDRA/Data/gCSI-gCSI/split_0,/tmp/weaverr/Data/HiDRA/Data/gCSI-gCSI/split_0,./out_model,32,0.001677052232512033,100,run_01_006_0038,0.008062425069510937
/tmp/weaverr/Data/HiDRA/Data/gCSI-gCSI/split_0,/tmp/weaverr/Data/HiDRA/Data/gCSI-gCSI/split_0,./out_model,64,0.007209083995605639,100,run_01_006_0017,0.008473335765302181
/tmp/weaverr/Data/HiDRA/Data/gCSI-gCSI/split_0,/tmp/weaverr/Data/HiDRA/Data/gCSI-gCSI/split_0,./out_model,32,0.0016870020805245186,100,run_01_006_0027,0.008814566768705845
/tmp/weaverr/Data/HiDRA/Data/gCSI-gCSI/split_0,/tmp/weaverr/Data/HiDRA/Data/gCSI-gCSI/split_0,./out_model,32,0.008481618068651504,100,run_01_006_0001,0.008919310756027699
/tmp/weaverr/Data/HiDRA/Data/gCSI-gCSI/split_0,/tmp/weaverr/Data/HiDRA/Data/gCSI-gCSI/split_0,./out_model,16,0.0025395160850307484,100,run_01_006_0019,0.008327332325279713
/tmp/weaverr/Data/HiDRA/Data/gCSI-gCSI/split_0,/tmp/weaverr/Data/HiDRA/Data/gCSI-gCSI/split_0,./out_model,32,0.01,100,run_01_006_0013,0.010039384476840496
/tmp/weaverr/Data/HiDRA/Data/gCSI-gCSI/split_0,/tmp/weaverr/Data/HiDRA/Data/gCSI-gCSI/split_0,./out_model,32,0.007167266472796361,100,run_01_006_0009,0.007381083443760872
/tmp/weaverr/Data/HiDRA/Data/gCSI-gCSI/split_0,/tmp/weaverr/Data/HiDRA/Data/gCSI-gCSI/split_0,./out_model,64,0.004419506796145171,100,run_01_006_0024,0.007938317954540253
/tmp/weaverr/Data/HiDRA/Data/gCSI-gCSI/split_0,/tmp/weaverr/Data/HiDRA/Data/gCSI-gCSI/split_0,./out_model,16,0.008481618068651504,100,run_01_006_0039,0.010226035490632057
/tmp/weaverr/Data/HiDRA/Data/gCSI-gCSI/split_0,/tmp/weaverr/Data/HiDRA/Data/gCSI-gCSI/split_0,./out_model,64,0.0061622028675155215,100,run_01_006_0037,0.009158019907772541
/tmp/weaverr/Data/HiDRA/Data/gCSI-gCSI/split_0,/tmp/weaverr/Data/HiDRA/Data/gCSI-gCSI/split_0,./out_model,64,0.008481618068651504,100,run_01_006_0016,0.00949016585946083
/tmp/weaverr/Data/HiDRA/Data/gCSI-gCSI/split_0,/tmp/weaverr/Data/HiDRA/Data/gCSI-gCSI/split_0,./out_model,32,0.008986611134071612,100,run_01_006_0010,0.008464058861136436
/tmp/weaverr/Data/HiDRA/Data/gCSI-gCSI/split_0,/tmp/weaverr/Data/HiDRA/Data/gCSI-gCSI/split_0,./out_model,64,0.008419717148769167,100,run_01_006_0014,0.008010460063815117
/tmp/weaverr/Data/HiDRA/Data/gCSI-gCSI/split_0,/tmp/weaverr/Data/HiDRA/Data/gCSI-gCSI/split_0,./out_model,16,0.001677052232512033,100,run_01_006_0036,0.010557788424193859
/tmp/weaverr/Data/HiDRA/Data/gCSI-gCSI/split_0,/tmp/weaverr/Data/HiDRA/Data/gCSI-gCSI/split_0,./out_model,16,0.008155255383472042,100,run_01_006_0034,0.008585301227867603
/tmp/weaverr/Data/HiDRA/Data/gCSI-gCSI/split_0,/tmp/weaverr/Data/HiDRA/Data/gCSI-gCSI/split_0,./out_model,32,0.008481618068651504,100,run_01_006_0004,0.00776945985853672
/tmp/weaverr/Data/HiDRA/Data/gCSI-gCSI/split_0,/tmp/weaverr/Data/HiDRA/Data/gCSI-gCSI/split_0,./out_model,32,0.005197911047768811,100,run_01_006_0005,0.007987366057932377
/tmp/weaverr/Data/HiDRA/Data/gCSI-gCSI/split_0,/tmp/weaverr/Data/HiDRA/Data/gCSI-gCSI/split_0,./out_model,16,0.001855751156481629,100,run_01_006_0003,0.009359315037727356
/tmp/weaverr/Data/HiDRA/Data/gCSI-gCSI/split_0,/tmp/weaverr/Data/HiDRA/Data/gCSI-gCSI/split_0,./out_model,32,0.008481618068651504,100,run_01_006_0025,0.0076055447570979595
/tmp/weaverr/Data/HiDRA/Data/gCSI-gCSI/split_0,/tmp/weaverr/Data/HiDRA/Data/gCSI-gCSI/split_0,./out_model,32,0.008547944374607963,100,run_01_006_0011,0.0071779098361730576
/tmp/weaverr/Data/HiDRA/Data/gCSI-gCSI/split_0,/tmp/weaverr/Data/HiDRA/Data/gCSI-gCSI/split_0,./out_model,16,0.0016870020805245186,100,run_01_006_0023,0.008274010382592678
/tmp/weaverr/Data/HiDRA/Data/gCSI-gCSI/split_0,/tmp/weaverr/Data/HiDRA/Data/gCSI-gCSI/split_0,./out_model,32,0.009039978371374826,100,run_01_007_0034,0.008633662946522236
/tmp/weaverr/Data/HiDRA/Data/gCSI-gCSI/split_0,/tmp/weaverr/Data/HiDRA/Data/gCSI-gCSI/split_0,./out_model,16,0.008379562398716248,100,run_01_007_0008,0.008437391370534897
/tmp/weaverr/Data/HiDRA/Data/gCSI-gCSI/split_0,/tmp/weaverr/Data/HiDRA/Data/gCSI-gCSI/split_0,./out_model,32,0.01,100,run_01_007_0026,0.008951808325946331
/tmp/weaverr/Data/HiDRA/Data/gCSI-gCSI/split_0,/tmp/weaverr/Data/HiDRA/Data/gCSI-gCSI/split_0,./out_model,32,0.009261180754200939,100,run_01_007_0019,0.00838830042630434
/tmp/weaverr/Data/HiDRA/Data/gCSI-gCSI/split_0,/tmp/weaverr/Data/HiDRA/Data/gCSI-gCSI/split_0,./out_model,32,0.007599991084109712,100,run_01_007_0033,0.007601441815495491
/tmp/weaverr/Data/HiDRA/Data/gCSI-gCSI/split_0,/tmp/weaverr/Data/HiDRA/Data/gCSI-gCSI/split_0,./out_model,16,0.00849717383663179,100,run_01_007_0038,0.008989806286990643
/tmp/weaverr/Data/HiDRA/Data/gCSI-gCSI/split_0,/tmp/weaverr/Data/HiDRA/Data/gCSI-gCSI/split_0,./out_model,16,0.009383592636064723,100,run_01_007_0035,0.00887629296630621
/tmp/weaverr/Data/HiDRA/Data/gCSI-gCSI/split_0,/tmp/weaverr/Data/HiDRA/Data/gCSI-gCSI/split_0,./out_model,32,0.008481618068651504,100,run_01_007_0015,0.008638440631330013
/tmp/weaverr/Data/HiDRA/Data/gCSI-gCSI/split_0,/tmp/weaverr/Data/HiDRA/Data/gCSI-gCSI/split_0,./out_model,16,0.008481618068651504,100,run_01_007_0032,0.00875458586961031
/tmp/weaverr/Data/HiDRA/Data/gCSI-gCSI/split_0,/tmp/weaverr/Data/HiDRA/Data/gCSI-gCSI/split_0,./out_model,32,0.008481618068651504,100,run_01_007_0007,0.00784381479024887
/tmp/weaverr/Data/HiDRA/Data/gCSI-gCSI/split_0,/tmp/weaverr/Data/HiDRA/Data/gCSI-gCSI/split_0,./out_model,32,0.007729898358671909,100,run_01_007_0002,0.008678887970745564
/tmp/weaverr/Data/HiDRA/Data/gCSI-gCSI/split_0,/tmp/weaverr/Data/HiDRA/Data/gCSI-gCSI/split_0,./out_model,16,0.008481618068651504,100,run_01_007_0005,0.008279264904558659
/tmp/weaverr/Data/HiDRA/Data/gCSI-gCSI/split_0,/tmp/weaverr/Data/HiDRA/Data/gCSI-gCSI/split_0,./out_model,32,0.008481618068651504,100,run_01_007_0028,0.008375920355319977
/tmp/weaverr/Data/HiDRA/Data/gCSI-gCSI/split_0,/tmp/weaverr/Data/HiDRA/Data/gCSI-gCSI/split_0,./out_model,32,0.008481618068651504,100,run_01_007_0031,0.008304626680910587
/tmp/weaverr/Data/HiDRA/Data/gCSI-gCSI/split_0,/tmp/weaverr/Data/HiDRA/Data/gCSI-gCSI/split_0,./out_model,64,0.008809096831319654,100,run_01_007_0006,0.009712171740829945
/tmp/weaverr/Data/HiDRA/Data/gCSI-gCSI/split_0,/tmp/weaverr/Data/HiDRA/Data/gCSI-gCSI/split_0,./out_model,16,0.002465974684663375,100,run_01_007_0020,0.009085588157176971
/tmp/weaverr/Data/HiDRA/Data/gCSI-gCSI/split_0,/tmp/weaverr/Data/HiDRA/Data/gCSI-gCSI/split_0,./out_model,32,0.008379562398716248,100,run_01_007_0018,0.007724761497229338
/tmp/weaverr/Data/HiDRA/Data/gCSI-gCSI/split_0,/tmp/weaverr/Data/HiDRA/Data/gCSI-gCSI/split_0,./out_model,16,0.001677052232512033,100,run_01_007_0029,0.007771595846861601
/tmp/weaverr/Data/HiDRA/Data/gCSI-gCSI/split_0,/tmp/weaverr/Data/HiDRA/Data/gCSI-gCSI/split_0,./out_model,32,0.008481618068651504,100,run_01_007_0013,0.008968815207481384
/tmp/weaverr/Data/HiDRA/Data/gCSI-gCSI/split_0,/tmp/weaverr/Data/HiDRA/Data/gCSI-gCSI/split_0,./out_model,32,0.01,100,run_01_007_0030,0.007849602960050106
/tmp/weaverr/Data/HiDRA/Data/gCSI-gCSI/split_0,/tmp/weaverr/Data/HiDRA/Data/gCSI-gCSI/split_0,./out_model,32,0.008481618068651504,100,run_01_007_0004,0.007870346307754517
/tmp/weaverr/Data/HiDRA/Data/gCSI-gCSI/split_0,/tmp/weaverr/Data/HiDRA/Data/gCSI-gCSI/split_0,./out_model,32,0.008481618068651504,100,run_01_007_0009,0.007823898456990719
/tmp/weaverr/Data/HiDRA/Data/gCSI-gCSI/split_0,/tmp/weaverr/Data/HiDRA/Data/gCSI-gCSI/split_0,./out_model,32,0.008481618068651504,100,run_01_007_0021,0.00830288976430893
/tmp/weaverr/Data/HiDRA/Data/gCSI-gCSI/split_0,/tmp/weaverr/Data/HiDRA/Data/gCSI-gCSI/split_0,./out_model,32,0.008379562398716248,100,run_01_007_0012,0.008218246512115002
/tmp/weaverr/Data/HiDRA/Data/gCSI-gCSI/split_0,/tmp/weaverr/Data/HiDRA/Data/gCSI-gCSI/split_0,./out_model,32,0.008986611134071612,100,run_01_007_0010,0.008292591199278831
/tmp/weaverr/Data/HiDRA/Data/gCSI-gCSI/split_0,/tmp/weaverr/Data/HiDRA/Data/gCSI-gCSI/split_0,./out_model,16,0.008481618068651504,100,run_01_007_0017,0.008946913294494152
/tmp/weaverr/Data/HiDRA/Data/gCSI-gCSI/split_0,/tmp/weaverr/Data/HiDRA/Data/gCSI-gCSI/split_0,./out_model,32,0.009709546190658875,100,run_01_007_0027,0.00785471498966217
/tmp/weaverr/Data/HiDRA/Data/gCSI-gCSI/split_0,/tmp/weaverr/Data/HiDRA/Data/gCSI-gCSI/split_0,./out_model,32,0.008481618068651504,100,run_01_007_0023,0.008211166597902775
/tmp/weaverr/Data/HiDRA/Data/gCSI-gCSI/split_0,/tmp/weaverr/Data/HiDRA/Data/gCSI-gCSI/split_0,./out_model,32,0.008481618068651504,100,run_01_007_0003,0.00868907943367958
/tmp/weaverr/Data/HiDRA/Data/gCSI-gCSI/split_0,/tmp/weaverr/Data/HiDRA/Data/gCSI-gCSI/split_0,./out_model,32,0.008481618068651504,100,run_01_007_0014,0.00749537767842412
/tmp/weaverr/Data/HiDRA/Data/gCSI-gCSI/split_0,/tmp/weaverr/Data/HiDRA/Data/gCSI-gCSI/split_0,./out_model,64,0.008182168132039142,100,run_01_007_0001,0.0077629187144339085
/tmp/weaverr/Data/HiDRA/Data/gCSI-gCSI/split_0,/tmp/weaverr/Data/HiDRA/Data/gCSI-gCSI/split_0,./out_model,16,0.008481618068651504,100,run_01_007_0000,0.008392360992729664
/tmp/weaverr/Data/HiDRA/Data/gCSI-gCSI/split_0,/tmp/weaverr/Data/HiDRA/Data/gCSI-gCSI/split_0,./out_model,128,0.0061622028675155215,100,run_01_007_0016,0.0086003253236413
/tmp/weaverr/Data/HiDRA/Data/gCSI-gCSI/split_0,/tmp/weaverr/Data/HiDRA/Data/gCSI-gCSI/split_0,./out_model,32,0.0075165140452893835,100,run_01_007_0036,0.007885303348302841
/tmp/weaverr/Data/HiDRA/Data/gCSI-gCSI/split_0,/tmp/weaverr/Data/HiDRA/Data/gCSI-gCSI/split_0,./out_model,32,0.007709355813350041,100,run_01_007_0025,0.009088491089642048
/tmp/weaverr/Data/HiDRA/Data/gCSI-gCSI/split_0,/tmp/weaverr/Data/HiDRA/Data/gCSI-gCSI/split_0,./out_model,32,0.008481618068651504,100,run_01_007_0039,0.008047085255384445
/tmp/weaverr/Data/HiDRA/Data/gCSI-gCSI/split_0,/tmp/weaverr/Data/HiDRA/Data/gCSI-gCSI/split_0,./out_model,32,0.00846051888052287,100,run_01_007_0022,0.008081954903900623
/tmp/weaverr/Data/HiDRA/Data/gCSI-gCSI/split_0,/tmp/weaverr/Data/HiDRA/Data/gCSI-gCSI/split_0,./out_model,32,0.008481618068651504,100,run_01_007_0011,0.008340316824615002
/tmp/weaverr/Data/HiDRA/Data/gCSI-gCSI/split_0,/tmp/weaverr/Data/HiDRA/Data/gCSI-gCSI/split_0,./out_model,16,0.001677052232512033,100,run_01_007_0024,0.00766142038628459
/tmp/weaverr/Data/HiDRA/Data/gCSI-gCSI/split_0,/tmp/weaverr/Data/HiDRA/Data/gCSI-gCSI/split_0,./out_model,16,0.008481618068651504,100,run_01_007_0037,0.008457047864794731
/tmp/weaverr/Data/HiDRA/Data/gCSI-gCSI/split_0,/tmp/weaverr/Data/HiDRA/Data/gCSI-gCSI/split_0,./out_model,32,0.008481618068651504,100,run_01_008_0038,0.008898132480680943
/tmp/weaverr/Data/HiDRA/Data/gCSI-gCSI/split_0,/tmp/weaverr/Data/HiDRA/Data/gCSI-gCSI/split_0,./out_model,32,0.006844293126404103,100,run_01_008_0005,0.008135903626680374
/tmp/weaverr/Data/HiDRA/Data/gCSI-gCSI/split_0,/tmp/weaverr/Data/HiDRA/Data/gCSI-gCSI/split_0,./out_model,32,0.008481618068651504,100,run_01_008_0007,0.00887750182300806
/tmp/weaverr/Data/HiDRA/Data/gCSI-gCSI/split_0,/tmp/weaverr/Data/HiDRA/Data/gCSI-gCSI/split_0,./out_model,32,0.008481618068651504,100,run_01_008_0015,0.008843569085001945
/tmp/weaverr/Data/HiDRA/Data/gCSI-gCSI/split_0,/tmp/weaverr/Data/HiDRA/Data/gCSI-gCSI/split_0,./out_model,32,0.007703877856463358,100,run_01_008_0002,0.007958867587149143
/tmp/weaverr/Data/HiDRA/Data/gCSI-gCSI/split_0,/tmp/weaverr/Data/HiDRA/Data/gCSI-gCSI/split_0,./out_model,32,0.008481618068651504,100,run_01_008_0020,0.00830448791384697
/tmp/weaverr/Data/HiDRA/Data/gCSI-gCSI/split_0,/tmp/weaverr/Data/HiDRA/Data/gCSI-gCSI/split_0,./out_model,32,0.00704108288234834,100,run_01_008_0026,0.008264941163361073
/tmp/weaverr/Data/HiDRA/Data/gCSI-gCSI/split_0,/tmp/weaverr/Data/HiDRA/Data/gCSI-gCSI/split_0,./out_model,16,0.008697163503455601,100,run_01_008_0035,0.008100641891360283
/tmp/weaverr/Data/HiDRA/Data/gCSI-gCSI/split_0,/tmp/weaverr/Data/HiDRA/Data/gCSI-gCSI/split_0,./out_model,32,0.008481618068651504,100,run_01_008_0034,0.007888429798185825
/tmp/weaverr/Data/HiDRA/Data/gCSI-gCSI/split_0,/tmp/weaverr/Data/HiDRA/Data/gCSI-gCSI/split_0,./out_model,32,0.008653061758337145,100,run_01_008_0019,0.008527260273694992
/tmp/weaverr/Data/HiDRA/Data/gCSI-gCSI/split_0,/tmp/weaverr/Data/HiDRA/Data/gCSI-gCSI/split_0,./out_model,32,0.008481618068651504,100,run_01_008_0009,0.009942559525370598
/tmp/weaverr/Data/HiDRA/Data/gCSI-gCSI/split_0,/tmp/weaverr/Data/HiDRA/Data/gCSI-gCSI/split_0,./out_model,32,0.008481618068651504,100,run_01_008_0000,0.007763579487800598
/tmp/weaverr/Data/HiDRA/Data/gCSI-gCSI/split_0,/tmp/weaverr/Data/HiDRA/Data/gCSI-gCSI/split_0,./out_model,32,0.008481618068651504,100,run_01_008_0008,0.008683753199875355
/tmp/weaverr/Data/HiDRA/Data/gCSI-gCSI/split_0,/tmp/weaverr/Data/HiDRA/Data/gCSI-gCSI/split_0,./out_model,32,0.007829950999725648,100,run_01_008_0033,0.008059141226112843
/tmp/weaverr/Data/HiDRA/Data/gCSI-gCSI/split_0,/tmp/weaverr/Data/HiDRA/Data/gCSI-gCSI/split_0,./out_model,64,0.007508993035360202,100,run_01_008_0006,0.008415036834776402
/tmp/weaverr/Data/HiDRA/Data/gCSI-gCSI/split_0,/tmp/weaverr/Data/HiDRA/Data/gCSI-gCSI/split_0,./out_model,32,0.008481618068651504,100,run_01_008_0032,0.00871287751942873
/tmp/weaverr/Data/HiDRA/Data/gCSI-gCSI/split_0,/tmp/weaverr/Data/HiDRA/Data/gCSI-gCSI/split_0,./out_model,32,0.008481618068651504,100,run_01_008_0031,0.008460018783807755
/tmp/weaverr/Data/HiDRA/Data/gCSI-gCSI/split_0,/tmp/weaverr/Data/HiDRA/Data/gCSI-gCSI/split_0,./out_model,16,0.001677052232512033,100,run_01_008_0027,0.007973015308380127
/tmp/weaverr/Data/HiDRA/Data/gCSI-gCSI/split_0,/tmp/weaverr/Data/HiDRA/Data/gCSI-gCSI/split_0,./out_model,32,0.00924653307997396,100,run_01_008_0018,0.007832764647901058
/tmp/weaverr/Data/HiDRA/Data/gCSI-gCSI/split_0,/tmp/weaverr/Data/HiDRA/Data/gCSI-gCSI/split_0,./out_model,16,0.008481618068651504,100,run_01_008_0021,0.008648693561553955
/tmp/weaverr/Data/HiDRA/Data/gCSI-gCSI/split_0,/tmp/weaverr/Data/HiDRA/Data/gCSI-gCSI/split_0,./out_model,32,0.008481618068651504,100,run_01_008_0028,0.0077697657980024815
/tmp/weaverr/Data/HiDRA/Data/gCSI-gCSI/split_0,/tmp/weaverr/Data/HiDRA/Data/gCSI-gCSI/split_0,./out_model,32,0.008481618068651504,100,run_01_008_0004,0.008536522276699543
/tmp/weaverr/Data/HiDRA/Data/gCSI-gCSI/split_0,/tmp/weaverr/Data/HiDRA/Data/gCSI-gCSI/split_0,./out_model,32,0.009669375446213768,100,run_01_008_0001,0.00858584139496088
/tmp/weaverr/Data/HiDRA/Data/gCSI-gCSI/split_0,/tmp/weaverr/Data/HiDRA/Data/gCSI-gCSI/split_0,./out_model,32,0.008481618068651504,100,run_01_008_0029,0.008029255084693432
/tmp/weaverr/Data/HiDRA/Data/gCSI-gCSI/split_0,/tmp/weaverr/Data/HiDRA/Data/gCSI-gCSI/split_0,./out_model,32,0.008481618068651504,100,run_01_008_0036,0.008508211933076382
/tmp/weaverr/Data/HiDRA/Data/gCSI-gCSI/split_0,/tmp/weaverr/Data/HiDRA/Data/gCSI-gCSI/split_0,./out_model,16,0.008255620644429829,100,run_01_008_0023,0.007948482409119606
/tmp/weaverr/Data/HiDRA/Data/gCSI-gCSI/split_0,/tmp/weaverr/Data/HiDRA/Data/gCSI-gCSI/split_0,./out_model,32,0.009473581906797542,100,run_01_008_0012,0.007361057214438915
/tmp/weaverr/Data/HiDRA/Data/gCSI-gCSI/split_0,/tmp/weaverr/Data/HiDRA/Data/gCSI-gCSI/split_0,./out_model,32,0.008284715144111079,100,run_01_008_0024,0.008479305543005466
/tmp/weaverr/Data/HiDRA/Data/gCSI-gCSI/split_0,/tmp/weaverr/Data/HiDRA/Data/gCSI-gCSI/split_0,./out_model,32,0.008379562398716248,100,run_01_008_0030,0.00850723311305046
/tmp/weaverr/Data/HiDRA/Data/gCSI-gCSI/split_0,/tmp/weaverr/Data/HiDRA/Data/gCSI-gCSI/split_0,./out_model,32,0.009055153123689815,100,run_01_008_0017,0.009103437885642052
/tmp/weaverr/Data/HiDRA/Data/gCSI-gCSI/split_0,/tmp/weaverr/Data/HiDRA/Data/gCSI-gCSI/split_0,./out_model,16,0.001822741685724585,100,run_01_008_0037,0.008370285853743553
/tmp/weaverr/Data/HiDRA/Data/gCSI-gCSI/split_0,/tmp/weaverr/Data/HiDRA/Data/gCSI-gCSI/split_0,./out_model,64,0.008481618068651504,100,run_01_008_0011,0.008926919661462307
/tmp/weaverr/Data/HiDRA/Data/gCSI-gCSI/split_0,/tmp/weaverr/Data/HiDRA/Data/gCSI-gCSI/split_0,./out_model,32,0.008481618068651504,100,run_01_008_0013,0.00772809935733676
/tmp/weaverr/Data/HiDRA/Data/gCSI-gCSI/split_0,/tmp/weaverr/Data/HiDRA/Data/gCSI-gCSI/split_0,./out_model,32,0.008868396231907204,100,run_01_008_0014,0.009173068217933178
/tmp/weaverr/Data/HiDRA/Data/gCSI-gCSI/split_0,/tmp/weaverr/Data/HiDRA/Data/gCSI-gCSI/split_0,./out_model,16,0.008481618068651504,100,run_01_008_0003,0.009931053034961224
/tmp/weaverr/Data/HiDRA/Data/gCSI-gCSI/split_0,/tmp/weaverr/Data/HiDRA/Data/gCSI-gCSI/split_0,./out_model,32,0.008109014815119426,100,run_01_008_0010,0.008255714550614357
/tmp/weaverr/Data/HiDRA/Data/gCSI-gCSI/split_0,/tmp/weaverr/Data/HiDRA/Data/gCSI-gCSI/split_0,./out_model,16,0.001677052232512033,100,run_01_008_0022,0.007939858362078667
/tmp/weaverr/Data/HiDRA/Data/gCSI-gCSI/split_0,/tmp/weaverr/Data/HiDRA/Data/gCSI-gCSI/split_0,./out_model,32,0.00886215190179226,100,run_01_008_0039,0.008638814091682434
/tmp/weaverr/Data/HiDRA/Data/gCSI-gCSI/split_0,/tmp/weaverr/Data/HiDRA/Data/gCSI-gCSI/split_0,./out_model,32,0.007543641727829021,100,run_01_008_0016,0.008607293479144573
/tmp/weaverr/Data/HiDRA/Data/gCSI-gCSI/split_0,/tmp/weaverr/Data/HiDRA/Data/gCSI-gCSI/split_0,./out_model,16,0.0012431618255868847,100,run_01_008_0025,0.007603857200592756
/tmp/weaverr/Data/HiDRA/Data/gCSI-gCSI/split_0,/tmp/weaverr/Data/HiDRA/Data/gCSI-gCSI/split_0,./out_model,32,0.008814989136836555,100,run_01_009_0038,0.008759107440710068
/tmp/weaverr/Data/HiDRA/Data/gCSI-gCSI/split_0,/tmp/weaverr/Data/HiDRA/Data/gCSI-gCSI/split_0,./out_model,32,0.008481618068651504,100,run_01_009_0005,0.007832634262740612
/tmp/weaverr/Data/HiDRA/Data/gCSI-gCSI/split_0,/tmp/weaverr/Data/HiDRA/Data/gCSI-gCSI/split_0,./out_model,32,0.008481618068651504,100,run_01_009_0014,0.009442401118576527
/tmp/weaverr/Data/HiDRA/Data/gCSI-gCSI/split_0,/tmp/weaverr/Data/HiDRA/Data/gCSI-gCSI/split_0,./out_model,32,0.008199525140535529,100,run_01_009_0035,0.008580578491091728
/tmp/weaverr/Data/HiDRA/Data/gCSI-gCSI/split_0,/tmp/weaverr/Data/HiDRA/Data/gCSI-gCSI/split_0,./out_model,16,0.008481618068651504,100,run_01_009_0008,0.008626140654087067
/tmp/weaverr/Data/HiDRA/Data/gCSI-gCSI/split_0,/tmp/weaverr/Data/HiDRA/Data/gCSI-gCSI/split_0,./out_model,32,0.008481618068651504,100,run_01_009_0015,0.008192138746380806
/tmp/weaverr/Data/HiDRA/Data/gCSI-gCSI/split_0,/tmp/weaverr/Data/HiDRA/Data/gCSI-gCSI/split_0,./out_model,32,0.008481618068651504,100,run_01_009_0034,0.008499479852616787
/tmp/weaverr/Data/HiDRA/Data/gCSI-gCSI/split_0,/tmp/weaverr/Data/HiDRA/Data/gCSI-gCSI/split_0,./out_model,32,0.0067503693458866604,100,run_01_009_0031,0.010584716685116291
/tmp/weaverr/Data/HiDRA/Data/gCSI-gCSI/split_0,/tmp/weaverr/Data/HiDRA/Data/gCSI-gCSI/split_0,./out_model,32,0.00830246696933055,100,run_01_009_0026,0.008004342205822468
/tmp/weaverr/Data/HiDRA/Data/gCSI-gCSI/split_0,/tmp/weaverr/Data/HiDRA/Data/gCSI-gCSI/split_0,./out_model,32,0.009157582513545372,100,run_01_009_0007,0.00782771036028862
/tmp/weaverr/Data/HiDRA/Data/gCSI-gCSI/split_0,/tmp/weaverr/Data/HiDRA/Data/gCSI-gCSI/split_0,./out_model,32,0.008518604293673617,100,run_01_009_0020,0.007885931059718132
/tmp/weaverr/Data/HiDRA/Data/gCSI-gCSI/split_0,/tmp/weaverr/Data/HiDRA/Data/gCSI-gCSI/split_0,./out_model,32,0.008481618068651504,100,run_01_009_0039,0.008940298110246658
/tmp/weaverr/Data/HiDRA/Data/gCSI-gCSI/split_0,/tmp/weaverr/Data/HiDRA/Data/gCSI-gCSI/split_0,./out_model,32,0.008481618068651504,100,run_01_009_0019,0.007855850271880627
/tmp/weaverr/Data/HiDRA/Data/gCSI-gCSI/split_0,/tmp/weaverr/Data/HiDRA/Data/gCSI-gCSI/split_0,./out_model,32,0.008481618068651504,100,run_01_009_0028,0.008520117029547691
/tmp/weaverr/Data/HiDRA/Data/gCSI-gCSI/split_0,/tmp/weaverr/Data/HiDRA/Data/gCSI-gCSI/split_0,./out_model,32,0.008481618068651504,100,run_01_009_0033,0.00798494927585125
/tmp/weaverr/Data/HiDRA/Data/gCSI-gCSI/split_0,/tmp/weaverr/Data/HiDRA/Data/gCSI-gCSI/split_0,./out_model,32,0.008481618068651504,100,run_01_009_0009,0.007881161756813526
/tmp/weaverr/Data/HiDRA/Data/gCSI-gCSI/split_0,/tmp/weaverr/Data/HiDRA/Data/gCSI-gCSI/split_0,./out_model,32,0.008481618068651504,100,run_01_009_0000,0.009762554429471493
/tmp/weaverr/Data/HiDRA/Data/gCSI-gCSI/split_0,/tmp/weaverr/Data/HiDRA/Data/gCSI-gCSI/split_0,./out_model,32,0.008481618068651504,100,run_01_009_0023,0.008376489393413067
/tmp/weaverr/Data/HiDRA/Data/gCSI-gCSI/split_0,/tmp/weaverr/Data/HiDRA/Data/gCSI-gCSI/split_0,./out_model,16,0.008481618068651504,100,run_01_009_0032,0.009182178415358067
/tmp/weaverr/Data/HiDRA/Data/gCSI-gCSI/split_0,/tmp/weaverr/Data/HiDRA/Data/gCSI-gCSI/split_0,./out_model,32,0.008481618068651504,100,run_01_009_0012,0.008510207757353783
/tmp/weaverr/Data/HiDRA/Data/gCSI-gCSI/split_0,/tmp/weaverr/Data/HiDRA/Data/gCSI-gCSI/split_0,./out_model,32,0.008481618068651504,100,run_01_009_0029,0.00801856629550457
/tmp/weaverr/Data/HiDRA/Data/gCSI-gCSI/split_0,/tmp/weaverr/Data/HiDRA/Data/gCSI-gCSI/split_0,./out_model,32,0.009736249001438576,100,run_01_009_0030,0.009586893022060394
/tmp/weaverr/Data/HiDRA/Data/gCSI-gCSI/split_0,/tmp/weaverr/Data/HiDRA/Data/gCSI-gCSI/split_0,./out_model,32,0.008876425271660432,100,run_01_009_0027,0.008678991347551346
/tmp/weaverr/Data/HiDRA/Data/gCSI-gCSI/split_0,/tmp/weaverr/Data/HiDRA/Data/gCSI-gCSI/split_0,./out_model,32,0.006116251134055539,100,run_01_009_0013,0.007946441881358624
/tmp/weaverr/Data/HiDRA/Data/gCSI-gCSI/split_0,/tmp/weaverr/Data/HiDRA/Data/gCSI-gCSI/split_0,./out_model,32,0.008481618068651504,100,run_01_009_0001,0.008369714953005314
/tmp/weaverr/Data/HiDRA/Data/gCSI-gCSI/split_0,/tmp/weaverr/Data/HiDRA/Data/gCSI-gCSI/split_0,./out_model,16,0.009733637023265455,100,run_01_009_0006,0.009423516690731049
/tmp/weaverr/Data/HiDRA/Data/gCSI-gCSI/split_0,/tmp/weaverr/Data/HiDRA/Data/gCSI-gCSI/split_0,./out_model,32,0.008481618068651504,100,run_01_009_0003,0.00829631183296442
/tmp/weaverr/Data/HiDRA/Data/gCSI-gCSI/split_0,/tmp/weaverr/Data/HiDRA/Data/gCSI-gCSI/split_0,./out_model,32,0.008481618068651504,100,run_01_009_0037,0.008369097486138344
/tmp/weaverr/Data/HiDRA/Data/gCSI-gCSI/split_0,/tmp/weaverr/Data/HiDRA/Data/gCSI-gCSI/split_0,./out_model,16,0.01,100,run_01_009_0021,0.00919528678059578
/tmp/weaverr/Data/HiDRA/Data/gCSI-gCSI/split_0,/tmp/weaverr/Data/HiDRA/Data/gCSI-gCSI/split_0,./out_model,32,0.00873679528369224,100,run_01_009_0036,0.008446558378636837
/tmp/weaverr/Data/HiDRA/Data/gCSI-gCSI/split_0,/tmp/weaverr/Data/HiDRA/Data/gCSI-gCSI/split_0,./out_model,128,0.008481618068651504,100,run_01_009_0025,0.008714553900063038
/tmp/weaverr/Data/HiDRA/Data/gCSI-gCSI/split_0,/tmp/weaverr/Data/HiDRA/Data/gCSI-gCSI/split_0,./out_model,32,0.008481618068651504,100,run_01_009_0010,0.007889552041888237
/tmp/weaverr/Data/HiDRA/Data/gCSI-gCSI/split_0,/tmp/weaverr/Data/HiDRA/Data/gCSI-gCSI/split_0,./out_model,16,0.008666897602880766,100,run_01_009_0022,0.009615447372198105
/tmp/weaverr/Data/HiDRA/Data/gCSI-gCSI/split_0,/tmp/weaverr/Data/HiDRA/Data/gCSI-gCSI/split_0,./out_model,32,0.008481618068651504,100,run_01_009_0018,0.007982632145285606
/tmp/weaverr/Data/HiDRA/Data/gCSI-gCSI/split_0,/tmp/weaverr/Data/HiDRA/Data/gCSI-gCSI/split_0,./out_model,32,0.008379562398716248,100,run_01_009_0017,0.00826120562851429
/tmp/weaverr/Data/HiDRA/Data/gCSI-gCSI/split_0,/tmp/weaverr/Data/HiDRA/Data/gCSI-gCSI/split_0,./out_model,32,0.008481618068651504,100,run_01_009_0004,0.0076234349980950356
/tmp/weaverr/Data/HiDRA/Data/gCSI-gCSI/split_0,/tmp/weaverr/Data/HiDRA/Data/gCSI-gCSI/split_0,./out_model,32,0.001236881857603875,100,run_01_009_0024,0.00964504573494196
/tmp/weaverr/Data/HiDRA/Data/gCSI-gCSI/split_0,/tmp/weaverr/Data/HiDRA/Data/gCSI-gCSI/split_0,./out_model,32,0.008481618068651504,100,run_01_009_0011,0.008318440988659859
/tmp/weaverr/Data/HiDRA/Data/gCSI-gCSI/split_0,/tmp/weaverr/Data/HiDRA/Data/gCSI-gCSI/split_0,./out_model,32,0.008481618068651504,100,run_01_009_0002,0.008210442960262299
/tmp/weaverr/Data/HiDRA/Data/gCSI-gCSI/split_0,/tmp/weaverr/Data/HiDRA/Data/gCSI-gCSI/split_0,./out_model,16,0.00776040444015601,100,run_01_009_0016,0.00921221636235714
/tmp/weaverr/Data/HiDRA/Data/gCSI-gCSI/split_0,/tmp/weaverr/Data/HiDRA/Data/gCSI-gCSI/split_0,./out_model,32,0.008481618068651504,100,run_01_010_0033,0.008222339674830437
/tmp/weaverr/Data/HiDRA/Data/gCSI-gCSI/split_0,/tmp/weaverr/Data/HiDRA/Data/gCSI-gCSI/split_0,./out_model,32,0.008481618068651504,100,run_01_010_0007,0.007469052914530039
/tmp/weaverr/Data/HiDRA/Data/gCSI-gCSI/split_0,/tmp/weaverr/Data/HiDRA/Data/gCSI-gCSI/split_0,./out_model,64,0.008481618068651504,100,run_01_010_0031,0.008690530434250832
/tmp/weaverr/Data/HiDRA/Data/gCSI-gCSI/split_0,/tmp/weaverr/Data/HiDRA/Data/gCSI-gCSI/split_0,./out_model,32,0.006470871871850284,100,run_01_010_0038,0.009604169987142086
/tmp/weaverr/Data/HiDRA/Data/gCSI-gCSI/split_0,/tmp/weaverr/Data/HiDRA/Data/gCSI-gCSI/split_0,./out_model,32,0.008481618068651504,100,run_01_010_0005,0.008523677475750446
/tmp/weaverr/Data/HiDRA/Data/gCSI-gCSI/split_0,/tmp/weaverr/Data/HiDRA/Data/gCSI-gCSI/split_0,./out_model,64,0.009207439791904694,100,run_01_010_0026,0.008262141607701778
/tmp/weaverr/Data/HiDRA/Data/gCSI-gCSI/split_0,/tmp/weaverr/Data/HiDRA/Data/gCSI-gCSI/split_0,./out_model,16,0.008430399389598199,100,run_01_010_0035,0.008819909766316414
/tmp/weaverr/Data/HiDRA/Data/gCSI-gCSI/split_0,/tmp/weaverr/Data/HiDRA/Data/gCSI-gCSI/split_0,./out_model,32,0.008481618068651504,100,run_01_010_0002,0.007931341417133808
/tmp/weaverr/Data/HiDRA/Data/gCSI-gCSI/split_0,/tmp/weaverr/Data/HiDRA/Data/gCSI-gCSI/split_0,./out_model,32,0.00679203741793525,100,run_01_010_0027,0.009386032819747925
/tmp/weaverr/Data/HiDRA/Data/gCSI-gCSI/split_0,/tmp/weaverr/Data/HiDRA/Data/gCSI-gCSI/split_0,./out_model,32,0.007624247454272439,100,run_01_010_0020,0.008264683187007904
/tmp/weaverr/Data/HiDRA/Data/gCSI-gCSI/split_0,/tmp/weaverr/Data/HiDRA/Data/gCSI-gCSI/split_0,./out_model,32,0.00802588291437211,100,run_01_010_0008,0.008169740438461304
/tmp/weaverr/Data/HiDRA/Data/gCSI-gCSI/split_0,/tmp/weaverr/Data/HiDRA/Data/gCSI-gCSI/split_0,./out_model,32,0.008481618068651504,100,run_01_010_0009,0.008815711364150047
/tmp/weaverr/Data/HiDRA/Data/gCSI-gCSI/split_0,/tmp/weaverr/Data/HiDRA/Data/gCSI-gCSI/split_0,./out_model,32,0.008481618068651504,100,run_01_010_0000,0.008493089117109776
/tmp/weaverr/Data/HiDRA/Data/gCSI-gCSI/split_0,/tmp/weaverr/Data/HiDRA/Data/gCSI-gCSI/split_0,./out_model,32,0.00957553660132552,100,run_01_010_0018,0.008196001872420311
/tmp/weaverr/Data/HiDRA/Data/gCSI-gCSI/split_0,/tmp/weaverr/Data/HiDRA/Data/gCSI-gCSI/split_0,./out_model,32,0.008011839601728889,100,run_01_010_0019,0.008648128248751163
/tmp/weaverr/Data/HiDRA/Data/gCSI-gCSI/split_0,/tmp/weaverr/Data/HiDRA/Data/gCSI-gCSI/split_0,./out_model,32,0.008746298599307806,100,run_01_010_0032,0.008941571228206158
/tmp/weaverr/Data/HiDRA/Data/gCSI-gCSI/split_0,/tmp/weaverr/Data/HiDRA/Data/gCSI-gCSI/split_0,./out_model,32,0.008481618068651504,100,run_01_010_0021,0.00873124971985817
/tmp/weaverr/Data/HiDRA/Data/gCSI-gCSI/split_0,/tmp/weaverr/Data/HiDRA/Data/gCSI-gCSI/split_0,./out_model,32,0.008210732025251088,100,run_01_010_0006,0.008391575887799263
/tmp/weaverr/Data/HiDRA/Data/gCSI-gCSI/split_0,/tmp/weaverr/Data/HiDRA/Data/gCSI-gCSI/split_0,./out_model,64,0.008513701185238658,100,run_01_010_0012,0.009935006499290466
/tmp/weaverr/Data/HiDRA/Data/gCSI-gCSI/split_0,/tmp/weaverr/Data/HiDRA/Data/gCSI-gCSI/split_0,./out_model,32,0.008481618068651504,100,run_01_010_0023,0.008451944217085838
/tmp/weaverr/Data/HiDRA/Data/gCSI-gCSI/split_0,/tmp/weaverr/Data/HiDRA/Data/gCSI-gCSI/split_0,./out_model,32,0.008292397115790499,100,run_01_010_0036,0.008389006368815899
/tmp/weaverr/Data/HiDRA/Data/gCSI-gCSI/split_0,/tmp/weaverr/Data/HiDRA/Data/gCSI-gCSI/split_0,./out_model,32,0.008481618068651504,100,run_01_010_0024,0.009055649861693382
/tmp/weaverr/Data/HiDRA/Data/gCSI-gCSI/split_0,/tmp/weaverr/Data/HiDRA/Data/gCSI-gCSI/split_0,./out_model,32,0.009626872053789554,100,run_01_010_0028,0.008919921703636646
/tmp/weaverr/Data/HiDRA/Data/gCSI-gCSI/split_0,/tmp/weaverr/Data/HiDRA/Data/gCSI-gCSI/split_0,./out_model,32,0.007217553581445759,100,run_01_010_0030,0.008059369400143623
/tmp/weaverr/Data/HiDRA/Data/gCSI-gCSI/split_0,/tmp/weaverr/Data/HiDRA/Data/gCSI-gCSI/split_0,./out_model,32,0.009134193659079522,100,run_01_010_0037,0.008055196143686771
/tmp/weaverr/Data/HiDRA/Data/gCSI-gCSI/split_0,/tmp/weaverr/Data/HiDRA/Data/gCSI-gCSI/split_0,./out_model,32,0.008481618068651504,100,run_01_010_0039,0.007597392424941063
/tmp/weaverr/Data/HiDRA/Data/gCSI-gCSI/split_0,/tmp/weaverr/Data/HiDRA/Data/gCSI-gCSI/split_0,./out_model,32,0.008890460307704953,100,run_01_010_0029,0.007819171994924545
/tmp/weaverr/Data/HiDRA/Data/gCSI-gCSI/split_0,/tmp/weaverr/Data/HiDRA/Data/gCSI-gCSI/split_0,./out_model,32,0.008481618068651504,100,run_01_010_0011,0.007954861968755722
/tmp/weaverr/Data/HiDRA/Data/gCSI-gCSI/split_0,/tmp/weaverr/Data/HiDRA/Data/gCSI-gCSI/split_0,./out_model,32,0.008481618068651504,100,run_01_010_0013,0.008102995343506336
/tmp/weaverr/Data/HiDRA/Data/gCSI-gCSI/split_0,/tmp/weaverr/Data/HiDRA/Data/gCSI-gCSI/split_0,./out_model,32,0.008481618068651504,100,run_01_010_0010,0.008456018753349781
/tmp/weaverr/Data/HiDRA/Data/gCSI-gCSI/split_0,/tmp/weaverr/Data/HiDRA/Data/gCSI-gCSI/split_0,./out_model,32,0.007526307138479088,100,run_01_010_0017,0.007837577722966671
/tmp/weaverr/Data/HiDRA/Data/gCSI-gCSI/split_0,/tmp/weaverr/Data/HiDRA/Data/gCSI-gCSI/split_0,./out_model,32,0.007391568895023514,100,run_01_010_0022,0.008491304703056812
/tmp/weaverr/Data/HiDRA/Data/gCSI-gCSI/split_0,/tmp/weaverr/Data/HiDRA/Data/gCSI-gCSI/split_0,./out_model,32,0.008481618068651504,100,run_01_010_0004,0.00845460593700409
/tmp/weaverr/Data/HiDRA/Data/gCSI-gCSI/split_0,/tmp/weaverr/Data/HiDRA/Data/gCSI-gCSI/split_0,./out_model,32,0.008481618068651504,100,run_01_010_0025,0.009074094705283642
/tmp/weaverr/Data/HiDRA/Data/gCSI-gCSI/split_0,/tmp/weaverr/Data/HiDRA/Data/gCSI-gCSI/split_0,./out_model,32,0.008481618068651504,100,run_01_010_0001,0.007979159243404865
/tmp/weaverr/Data/HiDRA/Data/gCSI-gCSI/split_0,/tmp/weaverr/Data/HiDRA/Data/gCSI-gCSI/split_0,./out_model,32,0.008481618068651504,100,run_01_010_0014,0.00843148585408926
/tmp/weaverr/Data/HiDRA/Data/gCSI-gCSI/split_0,/tmp/weaverr/Data/HiDRA/Data/gCSI-gCSI/split_0,./out_model,32,0.008481618068651504,100,run_01_010_0034,0.009273121133446693
/tmp/weaverr/Data/HiDRA/Data/gCSI-gCSI/split_0,/tmp/weaverr/Data/HiDRA/Data/gCSI-gCSI/split_0,./out_model,32,0.008481618068651504,100,run_01_010_0003,0.008286301977932453
/tmp/weaverr/Data/HiDRA/Data/gCSI-gCSI/split_0,/tmp/weaverr/Data/HiDRA/Data/gCSI-gCSI/split_0,./out_model,32,0.0084192681260218,100,run_01_010_0016,0.0077588679268956184
/tmp/weaverr/Data/HiDRA/Data/gCSI-gCSI/split_0,/tmp/weaverr/Data/HiDRA/Data/gCSI-gCSI/split_0,./out_model,32,0.008481618068651504,100,run_01_010_0015,0.00861900020390749
